MONTH,APPLICATION_NAME,VOLUME_MN,VALUE_CR,VOLUME_MARKET_SHARE_PCT,VALUE_MARKET_SHARE_PCT,APP_RANK
2025-03-01,phone pe #,8647.78,1257075.54,47.97,51.17,1
2025-03-01,google pay #,6596.76,866568.18,36.59,35.28,2
2025-03-01,paytm #,1221.12,132912.04,6.77,5.41,3
2025-03-01,navi #,324.42,18018.65,1.8,0.73,4
2025-03-01,super.money #,171.75,5933.08,0.95,0.24,5
2025-03-01,axis bank apps,145.78,9966.53,0.81,0.41,6
2025-03-01,cred #,144.82,55091.22,0.8,2.24,7
2025-03-01,amazon pay #,111.06,10606.66,0.62,0.43,8
2025-03-01,famapp by trio #,89.94,1099.28,0.5,0.04,9
2025-03-01,icici bank apps,67.63,16696.94,0.38,0.68,10
2025-03-01,whatsapp #,66.23,4958.25,0.37,0.2,11
2025-03-01,hdfc bank apps,60.94,11789.9,0.34,0.48,12
2025-03-01,kotak mahindra bank apps,57.05,7737.14,0.32,0.31,13
2025-03-01,bhim,46.13,9540.09,0.26,0.39,14
2025-03-01,yes bank apps,44.03,9388.85,0.24,0.38,15
2025-03-01,mobikwik #,29.8,4414,0.17,0.18,16
2025-03-01,airtel payments bank apps,21.63,1487.89,0.12,0.06,17
2025-03-01,slice #,17.41,2069.31,0.1,0.08,18
2025-03-01,india post payments bank apps,16.58,1941.73,0.09,0.08,19
2025-03-01,idfc bank apps,14.53,2486.08,0.08,0.1,20
2025-03-01,state bank of india apps,12.61,3418.04,0.07,0.14,21
2025-03-01,rbl bank apps,12.59,1741.69,0.07,0.07,22
2025-03-01,groww #,11.63,7009.63,0.06,0.29,23
2025-03-01,bajaj finserv #,9.66,1892.01,0.05,0.08,24
2025-03-01,samsung pay #,8.95,642.73,0.05,0.03,25
2025-03-01,pop upi,8.53,449.95,0.05,0.02,26
2025-03-01,jupiter money #,6.49,958.52,0.04,0.04,27
2025-03-01,federal bank apps,4.75,869.77,0.03,0.04,28
2025-03-01,flipkart upi #,4.72,257.82,0.03,0.01,29
2025-03-01,jio payments bank apps,4.08,318.2,0.02,0.01,30
2025-03-01,canara bank apps,3.75,975.91,0.02,0.04,31
2025-03-01,deutsche bank apps,3.62,532.05,0.02,0.02,32
2025-03-01,punjab national bank apps,3.38,898.95,0.02,0.04,33
2025-03-01,fi money #,3.25,434.16,0.02,0.02,34
2025-03-01,timepay #,3.07,37.66,0.02,0,35
2025-03-01,others,2.26,254.93,0.01,0.01,36
2025-03-01,bank of baroda apps,2.11,588.95,0.01,0.02,37
2025-03-01,indusind bank apps,2.04,346,0.01,0.01,38
2025-03-01,shri ram one #,1.75,116.77,0.01,0,39
2025-03-01,jammu and kashmir bank apps,1.75,261.45,0.01,0.01,39
2025-03-01,omni card,1.59,86.51,0.01,0,41
2025-03-01,central bank of india apps,1.57,268,0.01,0.01,42
2025-03-01,kiwi #,1.41,213.93,0.01,0.01,43
2025-03-01,suryoday bank apps,1.26,178.92,0.01,0.01,44
2025-03-01,bharat pe #,1.07,68.67,0.01,0,45
2025-03-01,dbs digibank apps,1.02,230.21,0.01,0.01,46
2025-03-01,hsbc bank apps,1,224.84,0.01,0.01,47
2025-03-01,ind money #,0.95,436.8,0.01,0.02,48
2025-03-01,aditya birla capital digital #,0.88,39.97,0,0,49
2025-03-01,one card #,0.82,973,0,0.04,50
2025-03-01,digikhata,0.8,258.58,0,0.01,51
2025-03-01,union bank apps,0.72,241.09,0,0.01,52
2025-03-01,south indian bank apps,0.68,204.88,0,0.01,53
2025-03-01,indian bank apps,0.64,176.18,0,0.01,54
2025-03-01,au small finance bank apps,0.59,174.06,0,0.01,55
2025-03-01,fino payments bank apps,0.58,63.84,0,0,56
2025-03-01,standard chartered bank apps,0.5,146.46,0,0.01,57
2025-03-01,uco bank apps,0.44,110.34,0,0,58
2025-03-01,esaf small finance bank apps,0.38,40.78,0,0,59
2025-03-01,tata neu #,0.38,111.95,0,0,59
2025-03-01,salary se #,0.36,18.23,0,0,61
2025-03-01,bank of india apps,0.27,86.1,0,0,62
2025-03-01,indian overseas bank apps,0.26,60.29,0,0,63
2025-03-01,karnataka bank apps,0.25,57.72,0,0,64
2025-03-01,kredit.pe #,0.19,26.43,0,0,65
2025-03-01,money view #,0.18,18.99,0,0,66
2025-03-01,dhani,0.17,8.44,0,0,67
2025-03-01,spice money,0.16,12.87,0,0,68
2025-03-01,rapipay,0.14,17.08,0,0,69
2025-03-01,idbi bank apps,0.13,45.74,0,0,70
2025-03-01,ultracash #,0.11,8.67,0,0,71
2025-03-01,niyo global #,0.11,54.39,0,0,71
2025-03-01,true balance,0.1,3.41,0,0,73
2025-03-01,karur vysya bank apps,0.09,33.66,0,0,74
2025-03-01,city union bank apps,0.09,31.31,0,0,74
2025-03-01,tamilnad mercantile bank apps,0.08,29.48,0,0,76
2025-03-01,genwise #,0.07,28.34,0,0,77
2025-03-01,freo #,0.05,3.87,0,0,78
2025-03-01,nsdl payments bank apps,0.04,5.54,0,0,79
2025-03-01,cheq,0.03,2.43,0,0,80
2025-03-01,bank of maharashtra apps,0.03,9.11,0,0,80
2025-03-01,punjab sind bank apps,0.03,9.19,0,0,80
2025-08-01,navi #,504.45,25396.91,24.62,10.96,1
2025-08-01,super.money #,256.64,9290.21,12.53,4.01,2
2025-08-01,cred #,150,55756.24,7.32,24.06,3
2025-08-01,famapp by trio #,135.65,1708.85,6.62,0.74,4
2025-08-01,axis bank apps,135.14,9812.52,6.6,4.23,5
2025-08-01,bhim,100.17,15002.68,4.89,6.47,6
2025-08-01,amazon pay #,98.98,10830.8,4.83,4.67,7
2025-08-01,whatsapp #,78.21,5583.34,3.82,2.41,8
2025-08-01,icici bank apps,75.8,16589.76,3.7,7.16,9
2025-08-01,hdfc bank apps,72.86,16120.19,3.56,6.96,10
2025-08-01,kotak mahindra bank apps,71.87,8662.31,3.51,3.74,11
2025-08-01,yes bank apps,54.33,9428.15,2.65,4.07,12
2025-08-01,mobikwik #,48.14,6010.88,2.35,2.59,13
2025-08-01,pop upi,44.53,1694.22,2.17,0.73,14
2025-08-01,airtel payments bank apps,21.4,1650.42,1.04,0.71,15
2025-08-01,slice small finance bank apps,20.75,2716.15,1.01,1.17,16
2025-08-01,india post payments bank apps,19.58,1892.61,0.96,0.82,17
2025-08-01,idfc bank apps,17.48,2728.37,0.85,1.18,18
2025-08-01,groww #,13.01,9001.87,0.64,3.88,19
2025-08-01,state bank of india apps,12.99,3668.47,0.63,1.58,20
2025-08-01,bajaj finserv,11.63,2456.88,0.57,1.06,21
2025-08-01,samsung pay #,9.9,682.42,0.48,0.29,22
2025-08-01,rbl bank apps,9.29,1456.85,0.45,0.63,23
2025-08-01,federal bank apps,6.55,1295.01,0.32,0.56,24
2025-08-01,jupiter money #,6.49,998.01,0.32,0.43,25
2025-08-01,bharat pe #,4.69,233.82,0.23,0.1,26
2025-08-01,jio payments bank apps,4.65,319.72,0.23,0.14,27
2025-08-01,canara bank apps,4.27,1028.07,0.21,0.44,28
2025-08-01,deutsche bank apps,4.24,774.19,0.21,0.33,29
2025-08-01,punjab national bank apps,3.79,964.86,0.18,0.42,30
2025-08-01,nsdl payments bank apps,3.59,198.74,0.18,0.09,31
2025-08-01,flipkart upi #,3.46,194.88,0.17,0.08,32
2025-08-01,timepay #,2.98,43.77,0.15,0.02,33
2025-08-01,fi money #,2.77,391.19,0.14,0.17,34
2025-08-01,kiwi #,2.69,305.39,0.13,0.13,35
2025-08-01,shri ram one,2.61,159.27,0.13,0.07,36
2025-08-01,jammu and kashmir bank apps,2.47,334.59,0.12,0.14,37
2025-08-01,others,2.41,273.01,0.12,0.12,38
2025-08-01,bank of baroda apps,2.39,508.85,0.12,0.22,39
2025-08-01,others,2.31,244.14,0.11,0.11,40
2025-08-01,ind money #,2.15,758.73,0.1,0.33,41
2025-08-01,indusind bank apps,1.91,238.35,0.09,0.1,42
2025-08-01,omni card,1.82,113.4,0.09,0.05,43
2025-08-01,suryoday bank apps,1.46,111.94,0.07,0.05,44
2025-08-01,indian bank apps,1.26,281.53,0.06,0.12,45
2025-08-01,hsbc bank apps,1.21,151.55,0.06,0.07,46
2025-08-01,digikhata,1.1,365.04,0.05,0.16,47
2025-08-01,money view #,1.03,74.94,0.05,0.03,48
2025-08-01,south indian bank apps,0.9,248.87,0.04,0.11,49
2025-08-01,union bank apps,0.84,259.85,0.04,0.11,50
2025-08-01,one card,0.76,884.64,0.04,0.38,51
2025-08-01,dbs digibank apps,0.75,252.29,0.04,0.11,52
2025-08-01,kredit pe #,0.71,60.21,0.03,0.03,53
2025-08-01,central bank of india apps,0.71,161.42,0.03,0.07,53
2025-08-01,fino payments bank apps,0.69,68.05,0.03,0.03,55
2025-08-01,au small finance bank apps,0.68,208.06,0.03,0.09,56
2025-08-01,esaf small finance bank apps,0.59,63.66,0.03,0.03,57
2025-08-01,salary se #,0.53,24.31,0.03,0.01,58
2025-08-01,uco bank apps,0.53,130.16,0.03,0.06,58
2025-08-01,tata pay #,0.52,155.47,0.03,0.07,60
2025-08-01,aditya birla capital digital,0.42,28.13,0.02,0.01,61
2025-08-01,spice money,0.3,26.1,0.01,0.01,62
2025-08-01,bank of india apps,0.3,93.6,0.01,0.04,62
2025-08-01,karnataka bank apps,0.27,60.71,0.01,0.03,64
2025-08-01,indian overseas bank apps,0.26,64.38,0.01,0.03,65
2025-08-01,standard chartered bank apps,0.26,123.33,0.01,0.05,65
2025-08-01,rapipay,0.24,25,0.01,0.01,67
2025-08-01,dhani,0.22,9.85,0.01,0,68
2025-08-01,idbi bank apps,0.17,67.08,0.01,0.03,69
2025-08-01,true balance,0.15,4.9,0.01,0,70
2025-08-01,obopay,0.11,16.77,0.01,0.01,71
2025-08-01,karur vysya bank apps,0.11,38.33,0.01,0.02,71
2025-08-01,ultracash #,0.1,7.48,0,0,73
2025-08-01,tamilnad mercantile bank apps,0.1,33.36,0,0.01,73
2025-08-01,niyo global #,0.09,22.11,0,0.01,75
2025-08-01,city union bank apps,0.07,28.22,0,0.01,76
2025-08-01,unity small finance bank apps,0.07,19.76,0,0.01,76
2025-08-01,payworld,0.04,4,0,0,78
2025-08-01,jar #,0.04,1.14,0,0,78
2025-08-01,freo #,0.04,2.43,0,0,78
2025-08-01,utkarsh small finance bank apps,0.03,4.18,0,0,81
2025-08-01,punjab sind bank apps,0.02,6.63,0,0,82
2025-12-01,samsung pay #,11.36,745.25,11.77,6,1
2025-12-01,pop upi,9.38,705.72,9.72,5.69,2
2025-12-01,jio payments bank apps,6.39,440.97,6.62,3.55,3
2025-12-01,jupiter money #,6.09,966.07,6.31,7.78,4
2025-12-01,deutsche bank apps,5.36,827.1,5.55,6.66,5
2025-12-01,nsdl payments bank apps,3.77,316.05,3.91,2.55,6
2025-12-01,kiwi #,3.1,439.43,3.21,3.54,7
2025-12-01,punjab national bank apps,2.96,748.71,3.07,6.03,8
2025-12-01,others,2.89,272.54,2.99,2.2,9
2025-12-01,flipkart upi #,2.8,152.97,2.9,1.23,10
2025-12-01,fi money #,2.59,381.14,2.68,3.07,11
2025-12-01,jammu and kashmir bank apps,2.5,390.02,2.59,3.14,12
2025-12-01,suryoday bank apps,2.5,5.76,2.59,0.05,12
2025-12-01,bharat pe #,2.46,206.84,2.55,1.67,14
2025-12-01,bank of baroda apps,2.25,566.75,2.33,4.57,15
2025-12-01,omni card,1.95,134.81,2.02,1.09,16
2025-12-01,timepay #,1.81,37.13,1.87,0.3,17
2025-12-01,money view #,1.79,103.65,1.85,0.84,18
2025-12-01,indusind bank apps,1.7,266.09,1.76,2.14,19
2025-12-01,indian bank apps,1.59,474.12,1.65,3.82,20
2025-12-01,kreditbee #,1.57,77.28,1.63,0.62,21
2025-12-01,aditya birla capital digital #,1.46,26.21,1.51,0.21,22
2025-12-01,shri ram one #,1.43,111.67,1.48,0.9,23
2025-12-01,esaf small finance bank apps,1.28,133.33,1.33,1.07,24
2025-12-01,hsbc bank apps,1.26,156.91,1.31,1.26,25
2025-12-01,digikhata,1.25,421.6,1.29,3.4,26
2025-12-01,oxymoney,1.01,16.97,1.05,0.14,27
2025-12-01,fino payments bank apps,1,87.85,1.04,0.71,28
2025-12-01,union bank apps,0.94,273.39,0.97,2.2,29
2025-12-01,south indian bank apps,0.93,273.46,0.96,2.2,30
2025-12-01,au small finance bank apps,0.81,264.18,0.84,2.13,31
2025-12-01,dbs digibank apps,0.63,224.56,0.65,1.81,32
2025-12-01,one card #,0.62,784.25,0.64,6.32,33
2025-12-01,kredit pe #,0.61,54.13,0.63,0.44,34
2025-12-01,uco bank apps,0.6,164.56,0.62,1.33,35
2025-12-01,freo #,0.59,56.56,0.61,0.46,36
2025-12-01,central bank of india apps,0.46,150.27,0.48,1.21,37
2025-12-01,salary se #,0.42,25.24,0.44,0.2,38
2025-12-01,standard chartered bank apps,0.41,122.83,0.42,0.99,39
2025-12-01,rapipay,0.4,33.66,0.41,0.27,40
2025-12-01,bank of india apps,0.38,120.71,0.39,0.97,41
2025-12-01,tata pay #,0.37,126.35,0.38,1.02,42
2025-12-01,spice money,0.36,32.52,0.37,0.26,43
2025-12-01,karnataka bank apps,0.29,68.64,0.3,0.55,44
2025-12-01,jar #,0.25,6.05,0.26,0.05,45
2025-12-01,dhani,0.21,9.1,0.22,0.07,46
2025-12-01,true balance,0.21,7.24,0.22,0.06,46
2025-12-01,indian overseas bank apps,0.19,52.64,0.2,0.42,48
2025-12-01,idbi bank apps,0.17,84.4,0.18,0.68,49
2025-12-01,obopay,0.17,26.26,0.18,0.21,49
2025-12-01,karur vysya bank apps,0.13,45.88,0.13,0.37,51
2025-12-01,twidpay #,0.13,15.83,0.13,0.13,51
2025-12-01,tamilnad mercantile bank apps,0.11,39.25,0.11,0.32,53
2025-12-01,payworld,0.1,10.22,0.1,0.08,54
2025-12-01,unity small finance bank apps,0.08,26.45,0.08,0.21,55
2025-12-01,city union bank apps,0.07,29.47,0.07,0.24,56
2025-12-01,saathi by paynearby #,0.06,6.09,0.06,0.05,57
2025-12-01,bank of maharashtra apps,0.06,17.64,0.06,0.14,57
2025-12-01,ultracash #,0.05,3.7,0.05,0.03,59
2025-12-01,curie money #,0.05,2.71,0.05,0.02,59
2025-12-01,equitas small finance bank apps,0.05,14.17,0.05,0.11,59
2025-12-01,cheq #,0.04,3.88,0.04,0.03,62
2025-12-01,fave,0.03,7.04,0.03,0.06,63
2025-12-01,lxme #,0.03,2.43,0.03,0.02,63
2025-12-01,punjab sind bank apps,0.03,12.97,0.03,0.1,63
2025-09-01,samsung pay #,9.9,676.36,12.94,5.87,1
2025-09-01,jupiter money #,6.06,958.38,7.92,8.32,2
2025-09-01,jio payments bank apps,5,344.89,6.54,2.99,3
2025-09-01,deutsche bank apps,4.63,765.38,6.05,6.64,4
2025-09-01,punjab national bank apps,3.88,983.32,5.07,8.53,5
2025-09-01,flipkart upi #,3.58,263.48,4.68,2.29,6
2025-09-01,timepay #,2.98,41.89,3.9,0.36,7
2025-09-01,fi money #,2.66,382.26,3.48,3.32,8
2025-09-01,ind money #,2.61,870.13,3.41,7.55,9
2025-09-01,bank of baroda apps,2.59,611.74,3.39,5.31,10
2025-09-01,kiwi #,2.5,306.62,3.27,2.66,11
2025-09-01,jammu and kashmir bank apps,2.38,348.51,3.11,3.02,12
2025-09-01,others,2.32,227.21,3.03,1.97,13
2025-09-01,nsdl payments bank apps,2.05,216.31,2.68,1.88,14
2025-09-01,omni card,1.86,118.22,2.43,1.03,15
2025-09-01,shri ram one,1.81,136.08,2.37,1.18,16
2025-09-01,suryoday bank apps,1.68,13.47,2.2,0.12,17
2025-09-01,indusind bank apps,1.67,222.41,2.18,1.93,18
2025-09-01,indian bank apps,1.38,316.14,1.8,2.74,19
2025-09-01,hsbc bank apps,1.22,145.89,1.59,1.27,20
2025-09-01,money view #,1.09,87.15,1.43,0.76,21
2025-09-01,digikhata,1.05,352.31,1.37,3.06,22
2025-09-01,south indian bank apps,0.86,248.26,1.12,2.15,23
2025-09-01,fino payments bank apps,0.78,69.88,1.02,0.61,24
2025-09-01,union bank apps,0.73,232.38,0.95,2.02,25
2025-09-01,dbs digibank apps,0.73,250.9,0.95,2.18,25
2025-09-01,one card,0.71,827.92,0.93,7.18,27
2025-09-01,au small finance bank apps,0.69,221.41,0.9,1.92,28
2025-09-01,kredit pe #,0.67,54.86,0.88,0.48,29
2025-09-01,esaf small finance bank apps,0.67,65.43,0.88,0.57,29
2025-09-01,aditya birla capital digital,0.56,25.14,0.73,0.22,31
2025-09-01,central bank of india apps,0.55,137.29,0.72,1.19,32
2025-09-01,uco bank apps,0.54,140.39,0.71,1.22,33
2025-09-01,tata pay #,0.5,159.6,0.65,1.38,34
2025-09-01,salary se #,0.49,22.88,0.64,0.2,35
2025-09-01,bank of india apps,0.32,101.51,0.42,0.88,36
2025-09-01,spice money,0.3,28.07,0.39,0.24,37
2025-09-01,karnataka bank apps,0.27,62.58,0.35,0.54,38
2025-09-01,standard chartered bank apps,0.25,113.63,0.33,0.99,39
2025-09-01,indian overseas bank apps,0.24,62.77,0.31,0.54,40
2025-09-01,dhani,0.23,10.7,0.3,0.09,41
2025-09-01,rapipay,0.23,24.83,0.3,0.22,41
2025-09-01,idbi bank apps,0.17,69.18,0.22,0.6,43
2025-09-01,jar #,0.14,3.13,0.18,0.03,44
2025-09-01,true balance,0.13,4.49,0.17,0.04,45
2025-09-01,obopay,0.13,19.72,0.17,0.17,45
2025-09-01,karur vysya bank apps,0.11,40.62,0.14,0.35,47
2025-09-01,tamilnad mercantile bank apps,0.1,36.17,0.13,0.31,48
2025-09-01,ultracash #,0.09,6.96,0.12,0.06,49
2025-09-01,city union bank apps,0.08,31.81,0.1,0.28,50
2025-09-01,unity small finance bank apps,0.07,21.92,0.09,0.19,51
2025-09-01,niyo global #,0.05,13.16,0.07,0.11,52
2025-09-01,kreditbee #,0.05,2.18,0.07,0.02,52
2025-09-01,payworld,0.05,4.05,0.07,0.04,52
2025-09-01,utkarsh small finance bank apps,0.03,5.49,0.04,0.05,55
2025-09-01,freo #,0.03,1.96,0.04,0.02,55
2025-09-01,punjab sind bank apps,0.02,7.21,0.03,0.06,57
2025-09-01,equitas small finance bank apps,0.02,7.23,0.03,0.06,57
2026-03-01,samsung pay #,11,743.38,11.83,5.93,1
2026-03-01,jio payments bank apps,7.77,509.61,8.35,4.06,2
2026-03-01,pop upi #,7.38,571.1,7.93,4.55,3
2026-03-01,jupiter money #,5.7,944.9,6.13,7.53,4
2026-03-01,deutsche bank apps,5.08,875.42,5.46,6.98,5
2026-03-01,money view #,3.82,244.73,4.11,1.95,6
2026-03-01,kreditbee #,3.68,179.15,3.96,1.43,7
2026-03-01,others,3.55,334.75,3.82,2.67,8
2026-03-01,jammu and kashmir bank apps,3.08,489.39,3.31,3.9,9
2026-03-01,kiwi #,2.79,500.02,3,3.99,10
2026-03-01,suryoday bank apps,2.78,13.52,2.99,0.11,11
2026-03-01,flipkart upi #,2.69,124.89,2.89,1,12
2026-03-01,bharat pe #,2.62,247.83,2.82,1.98,13
2026-03-01,omni card,1.94,101.77,2.09,0.81,14
2026-03-01,fi money #,1.92,330.74,2.06,2.64,15
2026-03-01,indian bank apps,1.69,511.01,1.82,4.07,16
2026-03-01,aditya birla capital digital #,1.66,28.46,1.78,0.23,17
2026-03-01,bank of baroda apps,1.65,510.66,1.77,4.07,18
2026-03-01,punjab national bank apps,1.61,442.44,1.73,3.53,19
2026-03-01,hsbc bank apps,1.55,186.24,1.67,1.49,20
2026-03-01,digikhata,1.49,539.13,1.6,4.3,21
2026-03-01,timepay #,1.34,25.98,1.44,0.21,22
2026-03-01,indusind bank apps,1.21,208.26,1.3,1.66,23
2026-03-01,freo #,1.21,113.58,1.3,0.91,23
2026-03-01,union bank apps,1,302.43,1.08,2.41,25
2026-03-01,au small finance bank apps,0.97,316.74,1.04,2.53,26
2026-03-01,south indian bank apps,0.91,303.5,0.98,2.42,27
2026-03-01,jar #,0.82,24.98,0.88,0.2,28
2026-03-01,kredit pe #,0.76,65.4,0.82,0.52,29
2026-03-01,fino payments bank apps,0.71,65.29,0.76,0.52,30
2026-03-01,uco bank apps,0.63,179.36,0.68,1.43,31
2026-03-01,one card #,0.61,764.55,0.66,6.1,32
2026-03-01,salary se #,0.6,53.47,0.65,0.43,33
2026-03-01,dbs digibank apps,0.58,220.76,0.62,1.76,34
2026-03-01,shri ram one #,0.55,73.76,0.59,0.59,35
2026-03-01,rapipay,0.54,33.28,0.58,0.27,36
2026-03-01,standard chartered bank apps,0.51,141.43,0.55,1.13,37
2026-03-01,central bank of india apps,0.5,186.01,0.54,1.48,38
2026-03-01,spice money,0.45,39.06,0.48,0.31,39
2026-03-01,saathi by paynearby #,0.33,38.42,0.35,0.31,40
2026-03-01,bank of india apps,0.33,118.47,0.35,0.94,40
2026-03-01,tata pay #,0.31,90.6,0.33,0.72,42
2026-03-01,nsdl payments bank apps,0.27,210.13,0.29,1.68,43
2026-03-01,idbi bank apps,0.23,114.74,0.25,0.91,44
2026-03-01,karnataka bank apps,0.22,60.16,0.24,0.48,45
2026-03-01,obopay,0.22,35.03,0.24,0.28,45
2026-03-01,dhani,0.19,8.95,0.2,0.07,47
2026-03-01,true balance,0.18,6.33,0.19,0.05,48
2026-03-01,twidpay #,0.14,14.32,0.15,0.11,49
2026-03-01,karur vysya bank apps,0.14,51.74,0.15,0.41,49
2026-03-01,payworld,0.11,10.23,0.12,0.08,51
2026-03-01,tamilnad mercantile bank apps,0.11,45.11,0.12,0.36,51
2026-03-01,city union bank apps,0.11,33.64,0.12,0.27,51
2026-03-01,esaf small finance bank apps,0.1,11.52,0.11,0.09,54
2026-03-01,indian overseas bank apps,0.1,33.63,0.11,0.27,54
2026-03-01,cheq,0.08,7.18,0.09,0.06,56
2026-03-01,bank of maharashtra apps,0.08,30.38,0.09,0.24,56
2026-03-01,equitas small finance bank apps,0.07,19.58,0.08,0.16,58
2026-03-01,curie money #,0.06,3.89,0.06,0.03,59
2026-03-01,fave,0.06,10.78,0.06,0.09,59
2026-03-01,unity small finance bank apps,0.06,15.04,0.06,0.12,59
2026-03-01,ultracash #,0.05,3.97,0.05,0.03,62
2026-03-01,lxme #,0.05,4.01,0.05,0.03,62
2026-03-01,zet #,0.03,2.53,0.03,0.02,64
2026-03-01,punjab sind bank apps,0.03,13.83,0.03,0.11,64
2025-04-01,phone pe #,8362.31,1205047.3,47.48,50.75,1
2025-04-01,google pay #,6488.55,842628.56,36.84,35.48,2
2025-04-01,paytm #,1210.24,131153.97,6.87,5.52,3
2025-04-01,navi #,344.21,18841.19,1.95,0.79,4
2025-04-01,super.money #,175.24,5924.95,0.99,0.25,5
2025-04-01,cred #,134.67,49753,0.76,2.1,6
2025-04-01,axis bank apps,120.05,9147.64,0.68,0.39,7
2025-04-01,famapp by trio #,99.91,1241.8,0.57,0.05,8
2025-04-01,amazon pay #,98.26,9966.68,0.56,0.42,9
2025-04-01,whatsapp #,67.4,5065.44,0.38,0.21,10
2025-04-01,icici bank apps,58.11,16223.97,0.33,0.68,11
2025-04-01,kotak mahindra bank apps,57.73,7681.65,0.33,0.32,12
2025-04-01,hdfc bank apps,57.46,11947.75,0.33,0.5,13
2025-04-01,bhim,53.57,10363.27,0.3,0.44,14
2025-04-01,yes bank apps,48.3,9059.27,0.27,0.38,15
2025-04-01,mobikwik #,31.7,4277.05,0.18,0.18,16
2025-04-01,airtel payments bank apps,20.4,1416.39,0.12,0.06,17
2025-04-01,slice #,17.81,2120.01,0.1,0.09,18
2025-04-01,idfc bank apps,16.09,2435.24,0.09,0.1,19
2025-04-01,india post payments bank apps,14.76,1738.65,0.08,0.07,20
2025-04-01,rbl bank apps,14.09,1653.13,0.08,0.07,21
2025-04-01,state bank of india apps,13.16,3524.25,0.07,0.15,22
2025-04-01,groww #,12.37,8788.46,0.07,0.37,23
2025-04-01,pop upi,10.38,445.95,0.06,0.02,24
2025-04-01,bajaj finserv #,10.25,2002.37,0.06,0.08,25
2025-04-01,samsung pay #,8.72,619.96,0.05,0.03,26
2025-04-01,jupiter money #,6.15,900.17,0.03,0.04,27
2025-04-01,federal bank apps,4.89,894.05,0.03,0.04,28
2025-04-01,jio payments bank apps,4.21,315.88,0.02,0.01,29
2025-04-01,canara bank apps,3.71,970.18,0.02,0.04,30
2025-04-01,deutsche bank apps,3.56,647.42,0.02,0.03,31
2025-04-01,flipkart upi #,3.47,195.89,0.02,0.01,32
2025-04-01,punjab national bank apps,3.4,912.54,0.02,0.04,33
2025-04-01,timepay #,3.12,40.66,0.02,0,34
2025-04-01,fi money #,3.01,396.69,0.02,0.02,35
2025-04-01,kiwi #,2.41,297.79,0.01,0.01,36
2025-04-01,indusind bank apps,2.17,345.61,0.01,0.01,37
2025-04-01,jammu and kashmir bank apps,2.11,281.4,0.01,0.01,38
2025-04-01,shri ram one #,2.09,137.77,0.01,0.01,39
2025-04-01,bank of baroda apps,1.9,567.22,0.01,0.02,40
2025-04-01,standard chartered bank apps,1.9,158.39,0.01,0.01,40
2025-04-01,others,1.88,216.91,0.01,0.01,42
2025-04-01,omni card,1.57,84.95,0.01,0,43
2025-04-01,central bank of india apps,1.54,263.72,0.01,0.01,44
2025-04-01,dbs digibank apps,1.1,213.38,0.01,0.01,45
2025-04-01,ind money #,1.05,541.53,0.01,0.02,46
2025-04-01,hsbc bank apps,0.88,107.13,0,0,47
2025-04-01,digikhata,0.8,254.47,0,0.01,48
2025-04-01,bharat pe #,0.78,59.59,0,0,49
2025-04-01,suryoday bank apps,0.75,135.57,0,0.01,50
2025-04-01,one card #,0.74,842.35,0,0.04,51
2025-04-01,union bank apps,0.72,243.46,0,0.01,52
2025-04-01,indian bank apps,0.7,186.42,0,0.01,53
2025-04-01,south indian bank apps,0.68,200.19,0,0.01,54
2025-04-01,aditya birla capital digital #,0.63,32.69,0,0,55
2025-04-01,au small finance bank apps,0.57,178.31,0,0.01,56
2025-04-01,fino payments bank apps,0.51,54.6,0,0,57
2025-04-01,uco bank apps,0.46,116.7,0,0,58
2025-04-01,esaf small finance bank apps,0.44,52.11,0,0,59
2025-04-01,tata neu #,0.39,118.54,0,0,60
2025-04-01,salary se #,0.37,17.58,0,0,61
2025-04-01,bank of india apps,0.3,90.46,0,0,62
2025-04-01,indian overseas bank apps,0.27,63.56,0,0,63
2025-04-01,karnataka bank apps,0.24,58.02,0,0,64
2025-04-01,money view #,0.23,25.72,0,0,65
2025-04-01,kredit.pe #,0.22,28.84,0,0,66
2025-04-01,spice money,0.17,12.63,0,0,67
2025-04-01,dhani,0.16,7.15,0,0,68
2025-04-01,rapipay,0.15,16.93,0,0,69
2025-04-01,idbi bank apps,0.13,47.44,0,0,70
2025-04-01,niyo global #,0.11,58.73,0,0,71
2025-04-01,ultracash #,0.1,8.26,0,0,72
2025-04-01,karur vysya bank apps,0.09,33.47,0,0,73
2025-04-01,true balance,0.09,3.02,0,0,73
2025-04-01,tamilnad mercantile bank apps,0.09,31.21,0,0,73
2025-04-01,city union bank apps,0.08,29.3,0,0,76
2025-04-01,genwise #,0.07,27.48,0,0,77
2025-04-01,nsdl payments bank apps,0.06,6.78,0,0,78
2025-04-01,freo #,0.04,2.6,0,0,79
2025-04-01,obopay,0.04,4.79,0,0,79
2025-04-01,unity small finance bank apps,0.03,6.73,0,0,81
2025-04-01,punjab sind bank apps,0.03,9.5,0,0,81
2025-04-01,cheq,0.02,1.72,0,0,83
2025-04-01,bank of maharashtra apps,0.02,6.66,0,0,83
2025-05-01,phone pe #,8682.08,1256541.09,47.23,50.42,1
2025-05-01,google pay #,6740.42,884735.12,36.66,35.5,2
2025-05-01,paytm #,1277.56,138068.97,6.95,5.54,3
2025-05-01,navi #,386.21,21350.35,2.1,0.86,4
2025-05-01,super.money #,203.42,7054.28,1.11,0.28,5
2025-05-01,cred #,141.95,55242.72,0.77,2.22,6
2025-05-01,axis bank apps,120.03,9683.82,0.65,0.39,7
2025-05-01,famapp by trio,110.38,1415.4,0.6,0.06,8
2025-05-01,amazon pay #,98.68,10343.44,0.54,0.42,9
2025-05-01,whatsapp #,70.19,5280.89,0.38,0.21,10
2025-05-01,bhim,64.6,11243.73,0.35,0.45,11
2025-05-01,hdfc bank apps,63.19,14806.6,0.34,0.59,12
2025-05-01,kotak mahindra bank apps,59.74,7862.6,0.32,0.32,13
2025-05-01,icici bank apps,59.47,16689.54,0.32,0.67,14
2025-05-01,yes bank apps,53.52,9518.96,0.29,0.38,15
2025-05-01,mobikwik #,33.92,4674.33,0.18,0.19,16
2025-05-01,airtel payments bank apps,20.14,1447.35,0.11,0.06,17
2025-05-01,slice small finance bank apps,19.85,2330.22,0.11,0.09,18
2025-05-01,india post payments bank apps,16.51,1834.83,0.09,0.07,19
2025-05-01,idfc bank apps,16.21,2493.29,0.09,0.1,20
2025-05-01,pop upi,13.59,500.88,0.07,0.02,21
2025-05-01,state bank of india apps,13.48,3700.3,0.07,0.15,22
2025-05-01,rbl bank apps,13.27,1762.42,0.07,0.07,23
2025-05-01,groww #,12.14,8443.05,0.07,0.34,24
2025-05-01,bajaj finserv,10.67,2219.95,0.06,0.09,25
2025-05-01,samsung pay,9.14,656.92,0.05,0.03,26
2025-05-01,jupiter money,6.4,950.85,0.03,0.04,27
2025-05-01,federal bank apps,5.09,982.11,0.03,0.04,28
2025-05-01,jio payments bank apps,4.7,341.19,0.03,0.01,29
2025-05-01,deutsche bank apps,4.02,723.88,0.02,0.03,30
2025-05-01,timepay #,3.9,50.01,0.02,0,31
2025-05-01,canara bank apps,3.85,992.9,0.02,0.04,32
2025-05-01,punjab national bank apps,3.6,953.88,0.02,0.04,33
2025-05-01,kiwi #,3.58,428.68,0.02,0.02,34
2025-05-01,flipkart upi #,3.23,187.83,0.02,0.01,35
2025-05-01,standard chartered bank apps,3.02,180.55,0.02,0.01,36
2025-05-01,fi money #,2.99,407.88,0.02,0.02,37
2025-05-01,shri ram one #,2.58,165.88,0.01,0.01,38
2025-05-01,jammu and kashmir bank apps,2.36,308.47,0.01,0.01,39
2025-05-01,indusind bank apps,1.99,258.89,0.01,0.01,40
2025-05-01,others,1.87,240.77,0.01,0.01,41
2025-05-01,bank of baroda apps,1.8,528.32,0.01,0.02,42
2025-05-01,omni card #,1.63,92.27,0.01,0,43
2025-05-01,central bank of india apps,1.56,268.09,0.01,0.01,44
2025-05-01,ind money #,1.3,560.96,0.01,0.02,45
2025-05-01,suryoday bank apps,1.25,218.46,0.01,0.01,46
2025-05-01,dbs digibank apps,1.06,226.65,0.01,0.01,47
2025-05-01,hsbc bank apps,1.03,124.36,0.01,0,48
2025-05-01,digikhata,0.87,282.69,0,0.01,49
2025-05-01,indian bank apps,0.8,202.18,0,0.01,50
2025-05-01,one card #,0.8,954.81,0,0.04,50
2025-05-01,bharat pe #,0.74,58.21,0,0,52
2025-05-01,union bank apps,0.73,241.85,0,0.01,53
2025-05-01,south indian bank apps,0.71,211.09,0,0.01,54
2025-05-01,au small finance bank apps,0.6,184.67,0,0.01,55
2025-05-01,esaf small finance bank apps,0.57,63.39,0,0,56
2025-05-01,fino payments bank apps,0.54,56.9,0,0,57
2025-05-01,aditya birla capital digital #,0.49,26.92,0,0,58
2025-05-01,uco bank apps,0.48,122.06,0,0,59
2025-05-01,tata neu #,0.45,132.55,0,0.01,60
2025-05-01,salary se #,0.43,20.47,0,0,61
2025-05-01,money view #,0.32,31.91,0,0,62
2025-05-01,kredit pe #,0.32,35.29,0,0,62
2025-05-01,bank of india apps,0.3,91.04,0,0,64
2025-05-01,indian overseas bank apps,0.27,64.81,0,0,65
2025-05-01,karnataka bank apps,0.25,59.72,0,0,66
2025-05-01,spice money,0.2,14.26,0,0,67
2025-05-01,dhani,0.17,8.63,0,0,68
2025-05-01,rapipay,0.17,19.16,0,0,68
2025-05-01,nsdl payments bank apps,0.17,16.25,0,0,68
2025-05-01,idbi bank apps,0.13,49.81,0,0,71
2025-05-01,ultracash #,0.1,7.77,0,0,72
2025-05-01,true balance,0.1,3.01,0,0,72
2025-05-01,karur vysya bank apps,0.1,35.02,0,0,72
2025-05-01,tamilnad mercantile bank apps,0.09,32.95,0,0,75
2025-05-01,niyo global #,0.07,25.75,0,0,76
2025-05-01,city union bank apps,0.07,29.97,0,0,76
2025-05-01,obopay,0.06,8.77,0,0,78
2025-05-01,unity small finance bank apps,0.06,12.79,0,0,78
2025-05-01,freo #,0.04,2.27,0,0,80
2025-05-01,payworld,0.03,2.21,0,0,81
2025-05-01,punjab sind bank apps,0.02,8.87,0,0,82
2025-05-01,bank of maharashtra apps,0.02,7.44,0,0,82
2025-11-01,pop upi,14.58,834.96,15.32,6.85,1
2025-11-01,samsung pay #,11.21,716.66,11.78,5.88,2
2025-11-01,jupiter money #,6.04,935.1,6.35,7.67,3
2025-11-01,jio payments bank apps,5.92,418.34,6.22,3.43,4
2025-11-01,deutsche bank apps,4.39,760.75,4.61,6.24,5
2025-11-01,nsdl payments bank apps,3.48,319.56,3.66,2.62,6
2025-11-01,kiwi #,3.08,404.62,3.24,3.32,7
2025-11-01,ind money #,3.02,994.89,3.17,8.16,8
2025-11-01,bank of baroda apps,2.74,653.52,2.88,5.36,9
2025-11-01,flipkart upi #,2.66,146.29,2.79,1.2,10
2025-11-01,fi money #,2.58,375.77,2.71,3.08,11
2025-11-01,others,2.54,244.75,2.67,2.01,12
2025-11-01,jammu and kashmir bank apps,2.42,378.25,2.54,3.1,13
2025-11-01,bharat pe #,2.28,177.52,2.4,1.46,14
2025-11-01,timepay #,2,39.98,2.1,0.33,15
2025-11-01,omni card,1.9,129.21,2,1.06,16
2025-11-01,suryoday bank apps,1.89,3.55,1.99,0.03,17
2025-11-01,indian bank apps,1.52,422.65,1.6,3.47,18
2025-11-01,money view #,1.41,98.11,1.48,0.8,19
2025-11-01,shri ram one #,1.39,108.4,1.46,0.89,20
2025-11-01,indusind bank apps,1.39,212.28,1.46,1.74,20
2025-11-01,hsbc bank apps,1.26,158.12,1.32,1.3,22
2025-11-01,esaf small finance bank apps,1.19,127.39,1.25,1.05,23
2025-11-01,digikhata,1.16,412.73,1.22,3.39,24
2025-11-01,aditya birla capital digital #,1.11,24.14,1.17,0.2,25
2025-11-01,kreditbee #,1.06,37.32,1.11,0.31,26
2025-11-01,fino payments bank apps,0.96,83.45,1.01,0.68,27
2025-11-01,union bank apps,0.88,250.09,0.92,2.05,28
2025-11-01,south indian bank apps,0.84,243.72,0.88,2,29
2025-11-01,au small finance bank apps,0.73,241.68,0.77,1.98,30
2025-11-01,one card #,0.63,793.04,0.66,6.51,31
2025-11-01,kredit pe #,0.6,53.81,0.63,0.44,32
2025-11-01,uco bank apps,0.58,154.26,0.61,1.27,33
2025-11-01,dbs digibank apps,0.58,203.03,0.61,1.67,33
2025-11-01,salary se #,0.48,23.87,0.5,0.2,35
2025-11-01,tata pay #,0.42,148.43,0.44,1.22,36
2025-11-01,central bank of india apps,0.42,126.34,0.44,1.04,36
2025-11-01,standard chartered bank apps,0.36,116.53,0.38,0.96,38
2025-11-01,bank of india apps,0.34,108.52,0.36,0.89,39
2025-11-01,jar #,0.33,8.42,0.35,0.07,40
2025-11-01,spice money,0.32,30.58,0.34,0.25,41
2025-11-01,rapipay,0.3,29.39,0.32,0.24,42
2025-11-01,karnataka bank apps,0.27,63.02,0.28,0.52,43
2025-11-01,dhani,0.21,9.42,0.22,0.08,44
2025-11-01,indian overseas bank apps,0.2,53.88,0.21,0.44,45
2025-11-01,true balance,0.18,6.09,0.19,0.05,46
2025-11-01,oxymoney,0.16,10.58,0.17,0.09,47
2025-11-01,idbi bank apps,0.16,71.99,0.17,0.59,47
2025-11-01,obopay,0.15,23.14,0.16,0.19,49
2025-11-01,karur vysya bank apps,0.12,43.7,0.13,0.36,50
2025-11-01,twidpay #,0.11,12.18,0.12,0.1,51
2025-11-01,tamilnad mercantile bank apps,0.1,34.64,0.11,0.28,52
2025-11-01,unity small finance bank apps,0.08,24.79,0.08,0.2,53
2025-11-01,payworld,0.08,7.81,0.08,0.06,53
2025-11-01,ultracash #,0.08,6.31,0.08,0.05,53
2025-11-01,city union bank apps,0.07,29.85,0.07,0.24,56
2025-11-01,bank of maharashtra apps,0.04,10.94,0.04,0.09,57
2025-11-01,curie money #,0.04,3.25,0.04,0.03,57
2025-11-01,punjab sind bank apps,0.03,11.81,0.03,0.1,59
2025-11-01,equitas small finance bank apps,0.03,10.2,0.03,0.08,59
2025-11-01,freo #,0.03,1.84,0.03,0.02,59
2025-11-01,cheq,0.02,2.44,0.02,0.02,62
2025-11-01,lxme #,0.02,1.65,0.02,0.01,62
2024-08-01,phonepe #,7236.49,1033264.34,48.96,50.43,1
2024-08-01,google pay #,5592.45,742223.07,37.84,36.23,2
2024-08-01,paytm #,1078.9,113672.17,7.3,5.55,3
2024-08-01,cred #,147.48,50720.89,1,2.48,4
2024-08-01,axis bank apps,113.97,5834.35,0.77,0.28,5
2024-08-01,navi #,88.71,4651.32,0.6,0.23,6
2024-08-01,amazon pay #,70.72,7744.21,0.48,0.38,7
2024-08-01,fam pay by trio #,57.16,686.06,0.39,0.03,8
2024-08-01,icici bank apps,51.31,21309.33,0.35,1.04,9
2024-08-01,kotak mahindra bank apps,46.94,6349,0.32,0.31,10
2024-08-01,whatsapp #,45.43,3421.99,0.31,0.17,11
2024-08-01,hdfc bank apps,36,8835.19,0.24,0.43,12
2024-08-01,yes bank apps,26.3,9717.22,0.18,0.47,13
2024-08-01,bhim,25.94,8363.28,0.18,0.41,14
2024-08-01,airtel payments bank apps,17.56,1221.86,0.12,0.06,15
2024-08-01,mobikwik #,14.94,3012.52,0.1,0.15,16
2024-08-01,groww #,13.65,9693.95,0.09,0.47,17
2024-08-01,super.money #,11.63,385.77,0.08,0.02,18
2024-08-01,bajaj finserv #,11.01,2639.91,0.07,0.13,19
2024-08-01,slice #,10.53,775.67,0.07,0.04,20
2024-08-01,state bank of india apps,9,2827.84,0.06,0.14,21
2024-08-01,flipkart upi #,8.6,468.99,0.06,0.02,22
2024-08-01,idfc bank apps,8.01,1768.92,0.05,0.09,23
2024-08-01,samsung pay #,7.14,567.24,0.05,0.03,24
2024-08-01,india post payments bank apps,7.04,906,0.05,0.04,25
2024-08-01,federal bank apps,6.25,901.05,0.04,0.04,26
2024-08-01,jupiter money #,6.04,807.39,0.04,0.04,27
2024-08-01,deutsche bank apps,3.73,369.45,0.03,0.02,28
2024-08-01,canara bank apps,3.1,810.75,0.02,0.04,29
2024-08-01,jio payments bank apps,2.62,201.6,0.02,0.01,30
2024-08-01,punjab national bank apps,2.57,595.26,0.02,0.03,31
2024-08-01,indian bank apps,2.26,373.75,0.02,0.02,32
2024-08-01,others,1.82,230.58,0.01,0.01,33
2024-08-01,rbl bank apps,1.55,554.3,0.01,0.03,34
2024-08-01,timepay #,1.29,12.9,0.01,0,35
2024-08-01,union bank apps,1.27,468.83,0.01,0.02,36
2024-08-01,omnicard #,1.21,61.66,0.01,0,37
2024-08-01,bank of baroda apps,1.13,449.45,0.01,0.02,38
2024-08-01,jammu and kashmir bank apps,0.93,122.73,0.01,0.01,39
2024-08-01,central bank of india apps,0.85,173.27,0.01,0.01,40
2024-08-01,pop club,0.77,72.62,0.01,0,41
2024-08-01,south indian bank apps,0.62,168.87,0,0.01,42
2024-08-01,au small finance bank apps,0.53,155.57,0,0.01,43
2024-08-01,dbs digibank apps,0.52,199.46,0,0.01,44
2024-08-01,aditya birla capital digital,0.51,16.36,0,0,45
2024-08-01,hsbc bank apps,0.49,168.59,0,0.01,46
2024-08-01,fino payments bank apps,0.46,54.37,0,0,47
2024-08-01,indusind bank apps,0.37,101.49,0,0,48
2024-08-01,shri ram one #,0.33,37.87,0,0,49
2024-08-01,digikhata #,0.33,110.14,0,0.01,49
2024-08-01,kiwi #,0.29,37.8,0,0,51
2024-08-01,uco bank apps,0.24,53.95,0,0,52
2024-08-01,suryoday bank apps,0.21,0.02,0,0,53
2024-08-01,karnataka bank apps,0.19,39.14,0,0,54
2024-08-01,standard chartered bank apps,0.18,116.68,0,0.01,55
2024-08-01,tataneu #,0.18,28.51,0,0,55
2024-08-01,indian overseas bank apps,0.17,46.55,0,0,57
2024-08-01,dhani,0.12,15.89,0,0,58
2024-08-01,ultracash,0.12,8.68,0,0,58
2024-08-01,bank of india apps,0.11,28.04,0,0,60
2024-08-01,idbi bank apps,0.09,33.76,0,0,61
2024-08-01,city union bank apps,0.08,29.36,0,0,62
2024-08-01,niyo global,0.08,40.29,0,0,62
2024-08-01,tamilnad mercantile bank apps,0.08,24.17,0,0,62
2024-08-01,nsdl payments bank apps,0.08,11.72,0,0,62
2024-08-01,karur vysya bank apps,0.06,21,0,0,66
2024-08-01,rapi pay,0.06,9.04,0,0,66
2024-08-01,equitas small finance bank apps,0.04,26.4,0,0,68
2024-08-01,punjab sind bank apps,0.03,13.83,0,0,69
2024-08-01,allahabad bank apps,0.02,5.13,0,0,70
2024-03-01,samsung pay #,11,743.38,11.83,5.93,1
2024-03-01,jio payments bank apps,7.77,509.61,8.35,4.06,2
2024-03-01,pop upi #,7.38,571.1,7.93,4.55,3
2024-03-01,jupiter money #,5.7,944.9,6.13,7.53,4
2024-03-01,deutsche bank apps,5.08,875.42,5.46,6.98,5
2024-03-01,money view #,3.82,244.73,4.11,1.95,6
2024-03-01,kreditbee #,3.68,179.15,3.96,1.43,7
2024-03-01,others,3.55,334.75,3.82,2.67,8
2024-03-01,jammu and kashmir bank apps,3.08,489.39,3.31,3.9,9
2024-03-01,kiwi #,2.79,500.02,3,3.99,10
2024-03-01,suryoday bank apps,2.78,13.52,2.99,0.11,11
2024-03-01,flipkart upi #,2.69,124.89,2.89,1,12
2024-03-01,bharat pe #,2.62,247.83,2.82,1.98,13
2024-03-01,omni card,1.94,101.77,2.09,0.81,14
2024-03-01,fi money #,1.92,330.74,2.06,2.64,15
2024-03-01,indian bank apps,1.69,511.01,1.82,4.07,16
2024-03-01,aditya birla capital digital #,1.66,28.46,1.78,0.23,17
2024-03-01,bank of baroda apps,1.65,510.66,1.77,4.07,18
2024-03-01,punjab national bank apps,1.61,442.44,1.73,3.53,19
2024-03-01,hsbc bank apps,1.55,186.24,1.67,1.49,20
2024-03-01,digikhata,1.49,539.13,1.6,4.3,21
2024-03-01,timepay #,1.34,25.98,1.44,0.21,22
2024-03-01,indusind bank apps,1.21,208.26,1.3,1.66,23
2024-03-01,freo #,1.21,113.58,1.3,0.91,23
2024-03-01,union bank apps,1,302.43,1.08,2.41,25
2024-03-01,au small finance bank apps,0.97,316.74,1.04,2.53,26
2024-03-01,south indian bank apps,0.91,303.5,0.98,2.42,27
2024-03-01,jar #,0.82,24.98,0.88,0.2,28
2024-03-01,kredit pe #,0.76,65.4,0.82,0.52,29
2024-03-01,fino payments bank apps,0.71,65.29,0.76,0.52,30
2024-03-01,uco bank apps,0.63,179.36,0.68,1.43,31
2024-03-01,one card #,0.61,764.55,0.66,6.1,32
2024-03-01,salary se #,0.6,53.47,0.65,0.43,33
2024-03-01,dbs digibank apps,0.58,220.76,0.62,1.76,34
2024-03-01,shri ram one #,0.55,73.76,0.59,0.59,35
2024-03-01,rapipay,0.54,33.28,0.58,0.27,36
2024-03-01,standard chartered bank apps,0.51,141.43,0.55,1.13,37
2024-03-01,central bank of india apps,0.5,186.01,0.54,1.48,38
2024-03-01,spice money,0.45,39.06,0.48,0.31,39
2024-03-01,saathi by paynearby #,0.33,38.42,0.35,0.31,40
2024-03-01,bank of india apps,0.33,118.47,0.35,0.94,40
2024-03-01,tata pay #,0.31,90.6,0.33,0.72,42
2024-03-01,nsdl payments bank apps,0.27,210.13,0.29,1.68,43
2024-03-01,idbi bank apps,0.23,114.74,0.25,0.91,44
2024-03-01,karnataka bank apps,0.22,60.16,0.24,0.48,45
2024-03-01,obopay,0.22,35.03,0.24,0.28,45
2024-03-01,dhani,0.19,8.95,0.2,0.07,47
2024-03-01,true balance,0.18,6.33,0.19,0.05,48
2024-03-01,twidpay #,0.14,14.32,0.15,0.11,49
2024-03-01,karur vysya bank apps,0.14,51.74,0.15,0.41,49
2024-03-01,payworld,0.11,10.23,0.12,0.08,51
2024-03-01,tamilnad mercantile bank apps,0.11,45.11,0.12,0.36,51
2024-03-01,city union bank apps,0.11,33.64,0.12,0.27,51
2024-03-01,esaf small finance bank apps,0.1,11.52,0.11,0.09,54
2024-03-01,indian overseas bank apps,0.1,33.63,0.11,0.27,54
2024-03-01,cheq,0.08,7.18,0.09,0.06,56
2024-03-01,bank of maharashtra apps,0.08,30.38,0.09,0.24,56
2024-03-01,equitas small finance bank apps,0.07,19.58,0.08,0.16,58
2024-03-01,curie money #,0.06,3.89,0.06,0.03,59
2024-03-01,fave,0.06,10.78,0.06,0.09,59
2024-03-01,unity small finance bank apps,0.06,15.04,0.06,0.12,59
2024-03-01,ultracash #,0.05,3.97,0.05,0.03,62
2024-03-01,lxme #,0.05,4.01,0.05,0.03,62
2024-03-01,zet #,0.03,2.53,0.03,0.02,64
2024-03-01,punjab sind bank apps,0.03,13.83,0.03,0.11,64
2024-07-01,phonepe #,6983.97,1028799.39,48.96,50.1,1
2024-07-01,google pay #,5341.23,735159.2,37.45,35.8,2
2024-07-01,paytm (ocl ) #,1128.97,123467.33,7.91,6.01,3
2024-07-01,cred #,142.56,48998.89,1,2.39,4
2024-07-01,axis bank apps,108.57,6335.06,0.76,0.31,5
2024-07-01,amazon pay #,72.41,7995.92,0.51,0.39,6
2024-07-01,navi #,68.47,3574.61,0.48,0.17,7
2024-07-01,icici bank apps,52.91,28529.39,0.37,1.39,8
2024-07-01,fampay by trio #,52.04,639.44,0.36,0.03,9
2024-07-01,kotak mahindra bank apps,44.8,6488.28,0.31,0.32,10
2024-07-01,whatsapp #,41.39,3215.18,0.29,0.16,11
2024-07-01,hdfc bank apps,35.28,8747.5,0.25,0.43,12
2024-07-01,bhim,24.64,8756.73,0.17,0.43,13
2024-07-01,yes bank apps,24.08,9583.2,0.17,0.47,14
2024-07-01,airtel payments bank apps,17.48,1210.32,0.12,0.06,15
2024-07-01,groww #,15.18,12129.34,0.11,0.59,16
2024-07-01,bajaj finserv #,9.9,2309.58,0.07,0.11,17
2024-07-01,slice #,9.41,708.27,0.07,0.03,18
2024-07-01,mobikwik #,9.11,2431.73,0.06,0.12,19
2024-07-01,state bank of india apps,8.06,2691.74,0.06,0.13,20
2024-07-01,idfc bank apps,7.63,1725.98,0.05,0.08,21
2024-07-01,flipkart upi #,7.12,422.36,0.05,0.02,22
2024-07-01,samsung pay #,6.6,558.51,0.05,0.03,23
2024-07-01,india post payments bank apps,6.43,826.31,0.05,0.04,24
2024-07-01,federal bank apps,5.95,848.66,0.04,0.04,25
2024-07-01,jupiter money #,5.76,781.04,0.04,0.04,26
2024-07-01,canara bank apps,3.04,834.74,0.02,0.04,27
2024-07-01,federal bank apps,2.68,460.69,0.02,0.02,28
2024-07-01,jio payments bank apps,2.53,199.65,0.02,0.01,29
2024-07-01,super.money #,2.5,75.7,0.02,0,30
2024-07-01,deutsche bank apps,2.44,344.53,0.02,0.02,31
2024-07-01,timepay #,2.16,20.52,0.02,0,32
2024-07-01,punjab national bank apps,2.15,563.99,0.02,0.03,33
2024-07-01,indian bank apps,1.95,344.83,0.01,0.02,34
2024-07-01,other apps,1.48,195.85,0.01,0.01,35
2024-07-01,rbl bank apps,1.46,354.77,0.01,0.02,36
2024-07-01,union bank apps,1.28,530.92,0.01,0.03,37
2024-07-01,omnicard #,1.2,54.57,0.01,0,38
2024-07-01,bank of baroda apps,1.07,477.99,0.01,0.02,39
2024-07-01,jammu and kashmir bank apps,0.87,111.92,0.01,0.01,40
2024-07-01,central bank of india apps,0.83,180.98,0.01,0.01,41
2024-07-01,au small finance bank apps,0.66,202.05,0,0.01,42
2024-07-01,south indian bank apps,0.56,159.32,0,0.01,43
2024-07-01,dbs digibank apps,0.53,206.03,0,0.01,44
2024-07-01,pop upi,0.45,34.71,0,0,45
2024-07-01,hsbc bank apps,0.44,152.15,0,0.01,46
2024-07-01,fino payments bank apps,0.44,58.11,0,0,46
2024-07-01,indusind bank apps,0.38,101.12,0,0,48
2024-07-01,shri ram one #,0.3,35.64,0,0,49
2024-07-01,digikhata #,0.26,83.11,0,0,50
2024-07-01,uco bank apps,0.24,69.95,0,0,51
2024-07-01,karnataka bank apps,0.19,39.14,0,0,52
2024-07-01,tataneu #,0.17,26.16,0,0,53
2024-07-01,standard chartered bank apps,0.17,116.72,0,0.01,53
2024-07-01,indian overseas bank apps,0.15,45.13,0,0,55
2024-07-01,kiwi,0.15,30.35,0,0,55
2024-07-01,suryoday bank apps,0.13,0.03,0,0,57
2024-07-01,dhani #,0.11,15.91,0,0,58
2024-07-01,ultracash #,0.1,7.35,0,0,59
2024-07-01,bank of india apps,0.08,20.12,0,0,60
2024-07-01,tamilnad mercantile bank apps,0.08,24.19,0,0,60
2024-07-01,city union bank apps,0.08,28.82,0,0,60
2024-07-01,idbi bank apps,0.08,32.92,0,0,60
2024-07-01,aditya birla capital digital limited,0.08,3.7,0,0,60
2024-07-01,nsdl payments bank apps,0.07,10.63,0,0,65
2024-07-01,citi bank apps,0.07,34.54,0,0,65
2024-07-01,bank of maharashtra apps,0.06,13.27,0,0,67
2024-07-01,niyo global #,0.06,28.59,0,0,67
2024-07-01,karur vysya bank apps,0.06,20.69,0,0,67
2024-07-01,rapi pay #,0.04,5.95,0,0,70
2024-07-01,equitas small finance bank apps,0.04,28.2,0,0,70
2024-07-01,punjab sind bank apps,0.03,14.96,0,0,72
2024-07-01,allahabad bank apps,0.02,5.19,0,0,73
2024-02-01,samsung pay #,10.29,679.66,11.47,5.5,1
2024-02-01,pop upi #,8.48,662.57,9.45,5.36,2
2024-02-01,jio payments bank apps,6.64,449.17,7.4,3.63,3
2024-02-01,jupiter money #,5.35,897.61,5.96,7.26,4
2024-02-01,deutsche bank apps,4.85,791.38,5.41,6.4,5
2024-02-01,canara bank apps,3.61,972.59,4.02,7.87,6
2024-02-01,others,3.04,246.36,3.39,1.99,7
2024-02-01,money view #,2.83,157.81,3.15,1.28,8
2024-02-01,bharat pe #,2.72,224.48,3.03,1.82,9
2024-02-01,kiwi #,2.65,434.15,2.95,3.51,10
2024-02-01,jammu and kashmir bank apps,2.65,394.59,2.95,3.19,10
2024-02-01,kreditbee #,2.44,142.33,2.72,1.15,12
2024-02-01,flipkart upi #,2.39,115.59,2.66,0.94,13
2024-02-01,suryoday bank apps,2.37,13.3,2.64,0.11,14
2024-02-01,punjab national bank apps,1.96,536.12,2.18,4.34,15
2024-02-01,fi money #,1.92,299.83,2.14,2.43,16
2024-02-01,aditya birla capital digital #,1.87,25.79,2.08,0.21,17
2024-02-01,omni card,1.77,92.21,1.97,0.75,18
2024-02-01,indian bank apps,1.45,455.61,1.62,3.69,19
2024-02-01,bank of baroda apps,1.44,425.74,1.6,3.44,20
2024-02-01,digikhata,1.31,472.46,1.46,3.82,21
2024-02-01,hsbc bank apps,1.25,148.32,1.39,1.2,22
2024-02-01,timepay #,1.23,21.55,1.37,0.17,23
2024-02-01,indusind bank apps,1.17,197.23,1.3,1.6,24
2024-02-01,nsdl payments bank apps,0.96,277.82,1.07,2.25,25
2024-02-01,au small finance bank apps,0.85,277.08,0.95,2.24,26
2024-02-01,south indian bank apps,0.84,266.22,0.94,2.15,27
2024-02-01,union bank apps,0.84,241.03,0.94,1.95,27
2024-02-01,freo #,0.77,72.69,0.86,0.59,29
2024-02-01,shri ram one #,0.71,82.45,0.79,0.67,30
2024-02-01,kredit pe #,0.67,58.61,0.75,0.47,31
2024-02-01,jar #,0.63,19.07,0.7,0.15,32
2024-02-01,one card #,0.57,684.4,0.64,5.54,33
2024-02-01,uco bank apps,0.57,161.22,0.64,1.3,33
2024-02-01,dbs digibank apps,0.55,205.24,0.61,1.66,35
2024-02-01,fino payments bank apps,0.52,51.55,0.58,0.42,36
2024-02-01,salary se #,0.48,38.44,0.53,0.31,37
2024-02-01,central bank of india apps,0.47,165.55,0.52,1.34,38
2024-02-01,rapipay,0.47,33.53,0.52,0.27,38
2024-02-01,standard chartered bank apps,0.46,109.71,0.51,0.89,40
2024-02-01,spice money,0.39,35.08,0.43,0.28,41
2024-02-01,esaf small finance bank apps,0.35,38.36,0.39,0.31,42
2024-02-01,tata pay #,0.29,101.76,0.32,0.82,43
2024-02-01,bank of india apps,0.26,89.73,0.29,0.73,44
2024-02-01,karnataka bank apps,0.26,63.38,0.29,0.51,44
2024-02-01,dhani,0.19,8.16,0.21,0.07,46
2024-02-01,idbi bank apps,0.19,94.62,0.21,0.77,46
2024-02-01,obopay,0.19,30.31,0.21,0.25,46
2024-02-01,saathi by paynearby #,0.19,23.54,0.21,0.19,46
2024-02-01,true balance,0.19,6.55,0.21,0.05,46
2024-02-01,twidpay #,0.14,14.73,0.16,0.12,51
2024-02-01,karur vysya bank apps,0.13,46.09,0.14,0.37,52
2024-02-01,indian overseas bank apps,0.12,37.83,0.13,0.31,53
2024-02-01,payworld,0.12,10.68,0.13,0.09,53
2024-02-01,tamilnad mercantile bank apps,0.1,39,0.11,0.32,55
2024-02-01,city union bank apps,0.08,28.59,0.09,0.23,56
2024-02-01,cheq,0.08,7.5,0.09,0.06,56
2024-02-01,bank of maharashtra apps,0.06,22.32,0.07,0.18,58
2024-02-01,equitas small finance bank apps,0.06,16.45,0.07,0.13,58
2024-02-01,lxme #,0.05,3.78,0.06,0.03,60
2024-02-01,curie money #,0.05,2.96,0.06,0.02,60
2024-02-01,ultracash #,0.05,3.72,0.06,0.03,60
2024-02-01,unity small finance bank apps,0.05,11.21,0.06,0.09,60
2024-02-01,fave,0.04,8.37,0.04,0.07,64
2024-02-01,zet #,0.03,2.01,0.03,0.02,65
2024-02-01,punjab sind bank apps,0.03,12.71,0.03,0.1,65
2024-11-01,navi #,152.95,8806.45,14.41,5.21,1
2024-11-01,cred #,138.24,50560.48,13.02,29.91,2
2024-11-01,axis bank apps,130.36,6337.84,12.28,3.75,3
2024-11-01,super.money #,78.49,3130.1,7.39,1.85,4
2024-11-01,amazon pay #,71.6,7914.87,6.75,4.68,5
2024-11-01,famapp by trio #,67.41,777.46,6.35,0.46,6
2024-11-01,icici bank apps,53.71,21498.14,5.06,12.72,7
2024-11-01,whatsapp #,51.76,3890.1,4.88,2.3,8
2024-11-01,kotak mahindra bank apps,47.35,6583.09,4.46,3.89,9
2024-11-01,hdfc bank apps,36.84,10417.27,3.47,6.16,10
2024-11-01,yes bank apps,35.69,9215.09,3.36,5.45,11
2024-11-01,bhim,27.05,8210.65,2.55,4.86,12
2024-11-01,airtel payments bank apps,18.6,1389.73,1.75,0.82,13
2024-11-01,mobikwik #,16.63,2942.38,1.57,1.74,14
2024-11-01,flipkart upi #,13.25,636.91,1.25,0.38,15
2024-11-01,groww #,13.22,8479.87,1.25,5.02,16
2024-11-01,slice #,11.54,845.13,1.09,0.5,17
2024-11-01,state bank of india apps,10.46,3035.13,0.99,1.8,18
2024-11-01,india post payments bank apps,8.91,1131.95,0.84,0.67,19
2024-11-01,idfc bank apps,8.6,1932.32,0.81,1.14,20
2024-11-01,bajaj finserv #,8.1,1584.15,0.76,0.94,21
2024-11-01,samsung pay #,7.9,578.99,0.74,0.34,22
2024-11-01,jupiter money #,6.02,825.36,0.57,0.49,23
2024-11-01,rbl bank apps,5.03,914.28,0.47,0.54,24
2024-11-01,pop upi,4,267.15,0.38,0.16,25
2024-11-01,federal bank apps,3.36,578.23,0.32,0.34,26
2024-11-01,punjab national bank apps,3.31,753.1,0.31,0.45,27
2024-11-01,jio payments bank apps,3.18,263.81,0.3,0.16,28
2024-11-01,fi money #,3.07,373.29,0.29,0.22,29
2024-11-01,canara bank apps,3.01,802.16,0.28,0.47,30
2024-11-01,deutsche bank apps,2.68,401.03,0.25,0.24,31
2024-11-01,indian bank apps,2.19,410.19,0.21,0.24,32
2024-11-01,timepay #,1.72,19.88,0.16,0.01,33
2024-11-01,others,1.65,225.18,0.16,0.13,34
2024-11-01,omni card,1.35,100.86,0.13,0.06,35
2024-11-01,central bank of india apps,1.06,197.17,0.1,0.12,36
2024-11-01,bank of baroda apps,1.01,389.1,0.1,0.23,37
2024-11-01,jammu and kashmir bank apps,0.79,135.44,0.07,0.08,38
2024-11-01,union bank apps,0.73,238.56,0.07,0.14,39
2024-11-01,kiwi #,0.69,106.42,0.07,0.06,40
2024-11-01,hsbc bank apps,0.68,176.45,0.06,0.1,41
2024-11-01,aditya birla capital digital,0.66,30.09,0.06,0.02,42
2024-11-01,south indian bank apps,0.59,167.92,0.06,0.1,43
2024-11-01,dbs digibank apps,0.57,191.73,0.05,0.11,44
2024-11-01,fino payments bank apps,0.51,64.81,0.05,0.04,45
2024-11-01,digikhata,0.46,156.43,0.04,0.09,46
2024-11-01,au small finance bank apps,0.45,134.47,0.04,0.08,47
2024-11-01,shri ram one #,0.38,39.72,0.04,0.02,48
2024-11-01,indusind bank apps,0.36,92.32,0.03,0.05,49
2024-11-01,one card #,0.36,356.22,0.03,0.21,49
2024-11-01,tata neu #,0.3,78.83,0.03,0.05,51
2024-11-01,true balance,0.29,33.18,0.03,0.02,52
2024-11-01,uco bank apps,0.28,66.32,0.03,0.04,53
2024-11-01,bank of india apps,0.2,55.8,0.02,0.03,54
2024-11-01,standard chartered bank apps,0.18,114.58,0.02,0.07,55
2024-11-01,karnataka bank apps,0.18,38.31,0.02,0.02,55
2024-11-01,indian overseas bank apps,0.18,49.21,0.02,0.03,55
2024-11-01,dhani,0.13,13.25,0.01,0.01,58
2024-11-01,esaf small finance bank apps,0.12,14.69,0.01,0.01,59
2024-11-01,rapipay,0.09,11.7,0.01,0.01,60
2024-11-01,niyo global #,0.09,52.41,0.01,0.03,60
2024-11-01,idbi bank apps,0.08,30.01,0.01,0.02,62
2024-11-01,nsdl payments bank apps,0.08,9.73,0.01,0.01,62
2024-11-01,ultracash #,0.08,5.71,0.01,0,62
2024-11-01,suryoday bank apps,0.08,0.23,0.01,0,62
2024-11-01,city union bank apps,0.07,26.24,0.01,0.02,66
2024-11-01,bharat pe #,0.07,8.29,0.01,0,66
2024-11-01,tamilnad mercantile bank apps,0.07,23.33,0.01,0.01,66
2024-11-01,salary se #,0.07,3.75,0.01,0,66
2024-11-01,genwise #,0.06,22.84,0.01,0.01,70
2024-11-01,karur vysya bank apps,0.05,17.82,0,0.01,71
2024-11-01,equitas small finance bank apps,0.03,25.69,0,0.02,72
2024-11-01,freo #,0.03,1.8,0,0,72
2024-11-01,cheq,0.03,1.84,0,0,72
2024-11-01,money view #,0.02,2.77,0,0,75
2024-11-01,punjab sind bank apps,0.02,10.76,0,0.01,75
2024-11-01,spice money,0.02,2.73,0,0,75
2024-11-01,kredit.pe #,0.02,2.67,0,0,75
2025-02-01,phone pe #,7656.4,1118963.81,48.24,51.34,1
2025-02-01,google pay #,5836.8,771089.15,36.78,35.38,2
2025-02-01,paytm #,1079.64,117090.29,6.8,5.37,3
2025-02-01,navi #,260.75,14322.97,1.64,0.66,4
2025-02-01,super.money #,139.1,4812.44,0.88,0.22,5
2025-02-01,cred #,126.48,45127.72,0.8,2.07,6
2025-02-01,axis bank apps,117.7,9197.33,0.74,0.42,7
2025-02-01,amazon pay #,93.31,9077.3,0.59,0.42,8
2025-02-01,famapp by trio #,77.08,876.12,0.49,0.04,9
2025-02-01,whatsapp #,58.86,4349.62,0.37,0.2,10
2025-02-01,icici bank apps,54.11,14374.53,0.34,0.66,11
2025-02-01,kotak mahindra bank apps,50.53,6872.1,0.32,0.32,12
2025-02-01,hdfc bank apps,47.98,10547.64,0.3,0.48,13
2025-02-01,yes bank apps,37.78,8385.06,0.24,0.38,14
2025-02-01,bhim,36.88,8475.29,0.23,0.39,15
2025-02-01,mobikwik #,24.19,3733.72,0.15,0.17,16
2025-02-01,airtel payments bank apps,18.99,1349.23,0.12,0.06,17
2025-02-01,slice #,15.31,1742.71,0.1,0.08,18
2025-02-01,groww #,12.81,8383.73,0.08,0.38,19
2025-02-01,india post payments bank apps,12.27,1463.53,0.08,0.07,20
2025-02-01,idfc bank apps,11.98,2158.3,0.08,0.1,21
2025-02-01,state bank of india apps,11.68,3197.67,0.07,0.15,22
2025-02-01,rbl bank apps,8.86,1421.89,0.06,0.07,23
2025-02-01,bajaj finserv #,8.39,1707.51,0.05,0.08,24
2025-02-01,samsung pay #,8.09,576.3,0.05,0.03,25
2025-02-01,pop upi,7.27,419.36,0.05,0.02,26
2025-02-01,jupiter money #,5.95,858.34,0.04,0.04,27
2025-02-01,flipkart upi #,4.42,238.42,0.03,0.01,28
2025-02-01,federal bank apps,4.08,715.26,0.03,0.03,29
2025-02-01,jio payments bank apps,3.66,290.56,0.02,0.01,30
2025-02-01,canara bank apps,3.25,837.13,0.02,0.04,31
2025-02-01,punjab national bank apps,3.19,809.91,0.02,0.04,32
2025-02-01,deutsche bank apps,3.12,442.68,0.02,0.02,33
2025-02-01,fi money #,2.99,377.32,0.02,0.02,34
2025-02-01,timepay #,2.19,28.77,0.01,0,35
2025-02-01,others,1.94,222.61,0.01,0.01,36
2025-02-01,indusind bank apps,1.76,307.45,0.01,0.01,37
2025-02-01,bank of baroda apps,1.72,472.44,0.01,0.02,38
2025-02-01,jammu and kashmir bank apps,1.57,216.84,0.01,0.01,39
2025-02-01,omni card,1.41,93.44,0.01,0,40
2025-02-01,central bank of india apps,1.36,233.31,0.01,0.01,41
2025-02-01,shri ram one #,1.16,81.1,0.01,0,42
2025-02-01,suryoday bank apps,1.12,193.28,0.01,0.01,43
2025-02-01,kiwi #,1.01,155.81,0.01,0.01,44
2025-02-01,dbs digibank apps,1,202.69,0.01,0.01,45
2025-02-01,hsbc bank apps,0.82,186.7,0.01,0.01,46
2025-02-01,ind money #,0.78,357.98,0,0.02,47
2025-02-01,aditya birla capital digital #,0.7,29.68,0,0,48
2025-02-01,digikhata,0.68,208.81,0,0.01,49
2025-02-01,union bank apps,0.67,225.15,0,0.01,50
2025-02-01,one card #,0.66,742.49,0,0.03,51
2025-02-01,south indian bank apps,0.62,178.11,0,0.01,52
2025-02-01,bharat pe #,0.62,41.42,0,0,52
2025-02-01,indian bank apps,0.61,168.69,0,0.01,54
2025-02-01,fino payments bank apps,0.53,68.54,0,0,55
2025-02-01,au small finance bank apps,0.49,148.93,0,0.01,56
2025-02-01,uco bank apps,0.35,89.18,0,0,57
2025-02-01,tata neu #,0.3,92.32,0,0,58
2025-02-01,salary se #,0.3,15.64,0,0,58
2025-02-01,indian overseas bank apps,0.27,67.2,0,0,60
2025-02-01,esaf small finance bank apps,0.27,26.81,0,0,60
2025-02-01,bank of india apps,0.24,75.45,0,0,62
2025-02-01,karnataka bank apps,0.23,50.92,0,0,63
2025-02-01,standard chartered bank apps,0.2,114.12,0,0.01,64
2025-02-01,money view #,0.15,15.33,0,0,65
2025-02-01,dhani,0.15,7.35,0,0,65
2025-02-01,true balance,0.13,4.64,0,0,67
2025-02-01,kredit.pe #,0.12,16.73,0,0,68
2025-02-01,rapipay,0.12,14.62,0,0,68
2025-02-01,spice money,0.1,9.88,0,0,70
2025-02-01,niyo global #,0.09,46.26,0,0,71
2025-02-01,idbi bank apps,0.09,32.23,0,0,71
2025-02-01,ultracash #,0.09,6.62,0,0,71
2025-02-01,city union bank apps,0.08,28.98,0,0,74
2025-02-01,karur vysya bank apps,0.08,28.6,0,0,74
2025-02-01,tamilnad mercantile bank apps,0.08,26.47,0,0,74
2025-02-01,nsdl payments bank apps,0.08,8.12,0,0,74
2025-02-01,genwise #,0.07,24.26,0,0,78
2025-02-01,freo #,0.04,2.36,0,0,79
2025-02-01,cheq,0.03,2.44,0,0,80
2025-02-01,punjab sind bank apps,0.03,9.76,0,0,80
2025-02-01,bank of maharashtra apps,0.02,9.03,0,0,82
2026-02-01,samsung pay #,10.29,679.66,11.47,5.5,1
2026-02-01,pop upi #,8.48,662.57,9.45,5.36,2
2026-02-01,jio payments bank apps,6.64,449.17,7.4,3.63,3
2026-02-01,jupiter money #,5.35,897.61,5.96,7.26,4
2026-02-01,deutsche bank apps,4.85,791.38,5.41,6.4,5
2026-02-01,canara bank apps,3.61,972.59,4.02,7.87,6
2026-02-01,others,3.04,246.36,3.39,1.99,7
2026-02-01,money view #,2.83,157.81,3.15,1.28,8
2026-02-01,bharat pe #,2.72,224.48,3.03,1.82,9
2026-02-01,kiwi #,2.65,434.15,2.95,3.51,10
2026-02-01,jammu and kashmir bank apps,2.65,394.59,2.95,3.19,10
2026-02-01,kreditbee #,2.44,142.33,2.72,1.15,12
2026-02-01,flipkart upi #,2.39,115.59,2.66,0.94,13
2026-02-01,suryoday bank apps,2.37,13.3,2.64,0.11,14
2026-02-01,punjab national bank apps,1.96,536.12,2.18,4.34,15
2026-02-01,fi money #,1.92,299.83,2.14,2.43,16
2026-02-01,aditya birla capital digital #,1.87,25.79,2.08,0.21,17
2026-02-01,omni card,1.77,92.21,1.97,0.75,18
2026-02-01,indian bank apps,1.45,455.61,1.62,3.69,19
2026-02-01,bank of baroda apps,1.44,425.74,1.6,3.44,20
2026-02-01,digikhata,1.31,472.46,1.46,3.82,21
2026-02-01,hsbc bank apps,1.25,148.32,1.39,1.2,22
2026-02-01,timepay #,1.23,21.55,1.37,0.17,23
2026-02-01,indusind bank apps,1.17,197.23,1.3,1.6,24
2026-02-01,nsdl payments bank apps,0.96,277.82,1.07,2.25,25
2026-02-01,au small finance bank apps,0.85,277.08,0.95,2.24,26
2026-02-01,south indian bank apps,0.84,266.22,0.94,2.15,27
2026-02-01,union bank apps,0.84,241.03,0.94,1.95,27
2026-02-01,freo #,0.77,72.69,0.86,0.59,29
2026-02-01,shri ram one #,0.71,82.45,0.79,0.67,30
2026-02-01,kredit pe #,0.67,58.61,0.75,0.47,31
2026-02-01,jar #,0.63,19.07,0.7,0.15,32
2026-02-01,one card #,0.57,684.4,0.64,5.54,33
2026-02-01,uco bank apps,0.57,161.22,0.64,1.3,33
2026-02-01,dbs digibank apps,0.55,205.24,0.61,1.66,35
2026-02-01,fino payments bank apps,0.52,51.55,0.58,0.42,36
2026-02-01,salary se #,0.48,38.44,0.53,0.31,37
2026-02-01,central bank of india apps,0.47,165.55,0.52,1.34,38
2026-02-01,rapipay,0.47,33.53,0.52,0.27,38
2026-02-01,standard chartered bank apps,0.46,109.71,0.51,0.89,40
2026-02-01,spice money,0.39,35.08,0.43,0.28,41
2026-02-01,esaf small finance bank apps,0.35,38.36,0.39,0.31,42
2026-02-01,tata pay #,0.29,101.76,0.32,0.82,43
2026-02-01,bank of india apps,0.26,89.73,0.29,0.73,44
2026-02-01,karnataka bank apps,0.26,63.38,0.29,0.51,44
2026-02-01,dhani,0.19,8.16,0.21,0.07,46
2026-02-01,idbi bank apps,0.19,94.62,0.21,0.77,46
2026-02-01,obopay,0.19,30.31,0.21,0.25,46
2026-02-01,saathi by paynearby #,0.19,23.54,0.21,0.19,46
2026-02-01,true balance,0.19,6.55,0.21,0.05,46
2026-02-01,twidpay #,0.14,14.73,0.16,0.12,51
2026-02-01,karur vysya bank apps,0.13,46.09,0.14,0.37,52
2026-02-01,indian overseas bank apps,0.12,37.83,0.13,0.31,53
2026-02-01,payworld,0.12,10.68,0.13,0.09,53
2026-02-01,tamilnad mercantile bank apps,0.1,39,0.11,0.32,55
2026-02-01,city union bank apps,0.08,28.59,0.09,0.23,56
2026-02-01,cheq,0.08,7.5,0.09,0.06,56
2026-02-01,bank of maharashtra apps,0.06,22.32,0.07,0.18,58
2026-02-01,equitas small finance bank apps,0.06,16.45,0.07,0.13,58
2026-02-01,lxme #,0.05,3.78,0.06,0.03,60
2026-02-01,curie money #,0.05,2.96,0.06,0.02,60
2026-02-01,ultracash #,0.05,3.72,0.06,0.03,60
2026-02-01,unity small finance bank apps,0.05,11.21,0.06,0.09,60
2026-02-01,fave,0.04,8.37,0.04,0.07,64
2026-02-01,zet #,0.03,2.01,0.03,0.02,65
2026-02-01,punjab sind bank apps,0.03,12.71,0.03,0.1,65
2024-04-01,phonepe,6500.14,1001679.63,48.86,51,1
2024-04-01,google pay,5027.32,694189.68,37.79,35.34,2
2024-04-01,paytm,1117.13,122554.25,8.4,6.24,3
2024-04-01,cred,138.46,43233.21,1.04,2.2,4
2024-04-01,axis bank apps,69.8,6483.24,0.52,0.33,5
2024-04-01,amazon pay,64.33,6784.82,0.48,0.35,6
2024-04-01,icici bank apps,47.41,26638.88,0.36,1.36,7
2024-04-01,fampay,46.64,588,0.35,0.03,8
2024-04-01,kotak mahindra bank apps,41.54,6101.88,0.31,0.31,9
2024-04-01,hdfc bank apps,35.99,7689.76,0.27,0.39,10
2024-04-01,whatsapp,34.12,2815.68,0.26,0.14,11
2024-04-01,bhim,25.48,8670.52,0.19,0.44,12
2024-04-01,yes bank apps,22.26,12009.4,0.17,0.61,13
2024-04-01,airtel payments bank apps,16.19,1244.14,0.12,0.06,14
2024-04-01,navi,15.1,402.92,0.11,0.02,15
2024-04-01,bajaj finserv,10.29,1819.55,0.08,0.09,16
2024-04-01,mobikwik,9.76,2248.19,0.07,0.11,17
2024-04-01,groww,8.02,5452.72,0.06,0.28,18
2024-04-01,slice,7.51,608.62,0.06,0.03,19
2024-04-01,state bank of india apps,6.53,2386.79,0.05,0.12,20
2024-04-01,idfc bank apps,6.45,1581.78,0.05,0.08,21
2024-04-01,samsung pay,6.3,527.4,0.05,0.03,22
2024-04-01,federal bank apps,6.14,821.8,0.05,0.04,23
2024-04-01,jupiter,5.92,710.69,0.04,0.04,24
2024-04-01,india post payments bank apps,5.08,687.52,0.04,0.04,25
2024-04-01,flipkart upi,3.46,174.73,0.03,0.01,26
2024-04-01,deutsche bank apps,3.28,441.58,0.02,0.02,27
2024-04-01,canara bank apps,3.03,812.15,0.02,0.04,28
2024-04-01,timepay,2.16,24.25,0.02,0,29
2024-04-01,jio payments bank apps,1.87,164.17,0.01,0.01,30
2024-04-01,punjab national bank apps,1.66,419.99,0.01,0.02,31
2024-04-01,rbl bank apps,1.57,646.29,0.01,0.03,32
2024-04-01,indian bank apps,1.5,317.4,0.01,0.02,33
2024-04-01,union bank apps,1.25,525.02,0.01,0.03,34
2024-04-01,other apps,1.18,112.6,0.01,0.01,35
2024-04-01,omnicard,1.06,37.27,0.01,0,36
2024-04-01,indusind bank apps,1.06,191.9,0.01,0.01,36
2024-04-01,bank of baroda apps,0.99,467.77,0.01,0.02,38
2024-04-01,central bank of india apps,0.89,204.45,0.01,0.01,39
2024-04-01,au small finance bank apps,0.8,257.99,0.01,0.01,40
2024-04-01,go kiwi,0.58,92.87,0,0,41
2024-04-01,dbs digibank apps,0.47,182.89,0,0.01,42
2024-04-01,south indian bank apps,0.43,129.71,0,0.01,43
2024-04-01,shriram one,0.4,37.49,0,0,44
2024-04-01,fino payments bank apps,0.35,49.47,0,0,45
2024-04-01,hsbc bank apps,0.32,126.59,0,0.01,46
2024-04-01,tataneu,0.32,34.06,0,0,46
2024-04-01,bank of india apps,0.21,87.25,0,0,48
2024-04-01,standard chartered bank apps,0.16,105.51,0,0.01,49
2024-04-01,uco bank apps,0.16,54.3,0,0,49
2024-04-01,karnataka bank apps,0.15,27.18,0,0,51
2024-04-01,digikhata,0.15,51.08,0,0,51
2024-04-01,jupiter edge,0.14,22.88,0,0,53
2024-04-01,dhani,0.13,7.44,0,0,54
2024-04-01,indian overseas bank apps,0.11,30.1,0,0,55
2024-04-01,ultracash,0.09,6.16,0,0,56
2024-04-01,tamilnad mercantile bank apps,0.09,24.69,0,0,56
2024-04-01,city union bank apps,0.08,26.6,0,0,58
2024-04-01,nsdl payments bank apps,0.08,11.88,0,0,58
2024-04-01,citi bank apps,0.06,69.19,0,0,60
2024-04-01,idbi bank apps,0.06,20.15,0,0,60
2024-04-01,bank of maharashtra apps,0.06,14.06,0,0,60
2024-04-01,karur vysya bank apps,0.05,18.94,0,0,63
2024-04-01,makemytrip,0.04,19.32,0,0,64
2024-04-01,go niyo,0.04,16.77,0,0,64
2024-04-01,equitas small finance bank apps,0.03,25.52,0,0,66
2024-04-01,punjab sind bank apps,0.03,12.15,0,0,66
2024-04-01,allahabad bank apps,0.02,6.18,0,0,68
2024-04-01,fave,0.02,1.16,0,0,68
2024-04-01,cheq,0.01,1.13,0,0,70
2024-01-01,phonepe,5734.54,906793.76,46.53,48.54,1
2024-01-01,google pay,4442.86,635945.58,36.05,34.04,2
2024-01-01,paytm payments bank app,1569.63,192614.74,12.73,10.31,3
2024-01-01,cred,108.86,38229.82,0.88,2.05,4
2024-01-01,axis bank apps,80.17,5721.57,0.65,0.31,5
2024-01-01,amazon pay,59.48,6288.95,0.48,0.34,6
2024-01-01,icici bank apps,40.62,24115.98,0.33,1.29,7
2024-01-01,fam,36.62,418.33,0.3,0.02,8
2024-01-01,hdfc bank apps,30.98,5475.95,0.25,0.29,9
2024-01-01,bhim,29.98,8778.61,0.24,0.47,10
2024-01-01,kotak mahindra bank apps,28.24,4981.01,0.23,0.27,11
2024-01-01,whatsapp,26.08,2132.83,0.21,0.11,12
2024-01-01,yes bank apps,23.28,11618.77,0.19,0.62,13
2024-01-01,bajaj finserv,19.87,2737.66,0.16,0.15,14
2024-01-01,airtel payments bank apps,13.24,902.43,0.11,0.05,15
2024-01-01,groww,9.41,6540.35,0.08,0.35,16
2024-01-01,state bank of india apps,6.13,2426.73,0.05,0.13,17
2024-01-01,samsung pay,5.73,518.32,0.05,0.03,18
2024-01-01,idfc bank apps,5.47,1448.5,0.04,0.08,19
2024-01-01,federal bank apps,5.33,674.05,0.04,0.04,20
2024-01-01,mobikwik,5.19,1625.48,0.04,0.09,21
2024-01-01,jupiter,4.97,665.54,0.04,0.04,22
2024-01-01,india post payments bank apps,4.69,461.95,0.04,0.02,23
2024-01-01,deutsche bank apps,3.89,294.63,0.03,0.02,24
2024-01-01,standard chartered bank apps,3.68,746.46,0.03,0.04,25
2024-01-01,rbl bank apps,3.35,786.52,0.03,0.04,26
2024-01-01,canara bank apps,2.62,758.31,0.02,0.04,27
2024-01-01,slice,2.01,407.98,0.02,0.02,28
2024-01-01,jio payments bank apps,1.51,137.62,0.01,0.01,29
2024-01-01,punjab national bank apps,1.32,335.6,0.01,0.02,30
2024-01-01,indian bank apps,1.29,322.39,0.01,0.02,31
2024-01-01,slice,1.26,41.97,0.01,0,32
2024-01-01,omnicard,1.15,37.16,0.01,0,33
2024-01-01,bank of baroda apps,1.14,516.58,0.01,0.03,34
2024-01-01,union bank apps,1.11,451.7,0.01,0.02,35
2024-01-01,navi,0.96,54.5,0.01,0,36
2024-01-01,cbdc apps,0.88,48.08,0.01,0,37
2024-01-01,gokiwi,0.74,105.76,0.01,0.01,38
2024-01-01,dbs digibank apps,0.7,254.66,0.01,0.01,39
2024-01-01,karnataka bank apps,0.67,144.11,0.01,0.01,40
2024-01-01,au small finance bank apps,0.66,259.49,0.01,0.01,41
2024-01-01,central bank of india apps,0.63,150.41,0.01,0.01,42
2024-01-01,shriram one,0.59,31.86,0,0,43
2024-01-01,fifederal,0.47,57.15,0,0,44
2024-01-01,bpaywallet,0.43,88.49,0,0,45
2024-01-01,mbk,0.39,57.77,0,0,46
2024-01-01,south indian bank apps,0.33,105.23,0,0.01,47
2024-01-01,bank of india apps,0.29,108.18,0,0.01,48
2024-01-01,fino payments bank apps,0.29,31.67,0,0,48
2024-01-01,indie - indus ind,0.25,42.84,0,0,50
2024-01-01,uco bank apps,0.21,76.62,0,0,51
2024-01-01,hsbc bank apps,0.2,118,0,0.01,52
2024-01-01,other apps,0.13,31.46,0,0,53
2024-01-01,tamilnad mercantile bank apps,0.12,32.85,0,0,54
2024-01-01,indian overseas bank apps,0.11,29.92,0,0,55
2024-01-01,digikhata,0.08,30.34,0,0,56
2024-01-01,tataneu,0.08,11.48,0,0,56
2024-01-01,city union bank apps,0.08,25.49,0,0,56
2024-01-01,idbi bank apps,0.08,42.31,0,0,56
2024-01-01,citi bank apps,0.08,79.39,0,0,56
2024-01-01,ultracash,0.08,5.95,0,0,56
2024-01-01,jupiter edge (livquick ppi),0.05,14.71,0,0,62
2024-01-01,karur vysya bank apps,0.04,15.23,0,0,63
2024-01-01,nsdl payments bank apps,0.04,5.77,0,0,63
2024-01-01,bank of maharashtra apps,0.04,8.06,0,0,63
2024-01-01,dhani,0.04,2.71,0,0,63
2024-01-01,paytmwallet,0.03,3.11,0,0,67
2024-01-01,makemytrip,0.03,15.48,0,0,67
2024-01-01,equitas small finance bank apps,0.03,23.19,0,0,67
2024-01-01,timepay,0.03,0.33,0,0,67
2024-01-01,allahabad bank apps,0.03,6.51,0,0,67
2024-12-01,pop upi,14.58,834.96,15.32,6.85,1
2024-12-01,samsung pay #,11.21,716.66,11.78,5.88,2
2024-12-01,jupiter money #,6.04,935.1,6.35,7.67,3
2024-12-01,jio payments bank apps,5.92,418.34,6.22,3.43,4
2024-12-01,deutsche bank apps,4.39,760.75,4.61,6.24,5
2024-12-01,nsdl payments bank apps,3.48,319.56,3.66,2.62,6
2024-12-01,kiwi #,3.08,404.62,3.24,3.32,7
2024-12-01,ind money #,3.02,994.89,3.17,8.16,8
2024-12-01,bank of baroda apps,2.74,653.52,2.88,5.36,9
2024-12-01,flipkart upi #,2.66,146.29,2.79,1.2,10
2024-12-01,fi money #,2.58,375.77,2.71,3.08,11
2024-12-01,others,2.54,244.75,2.67,2.01,12
2024-12-01,jammu and kashmir bank apps,2.42,378.25,2.54,3.1,13
2024-12-01,bharat pe #,2.28,177.52,2.4,1.46,14
2024-12-01,timepay #,2,39.98,2.1,0.33,15
2024-12-01,omni card,1.9,129.21,2,1.06,16
2024-12-01,suryoday bank apps,1.89,3.55,1.99,0.03,17
2024-12-01,indian bank apps,1.52,422.65,1.6,3.47,18
2024-12-01,money view #,1.41,98.11,1.48,0.8,19
2024-12-01,shri ram one #,1.39,108.4,1.46,0.89,20
2024-12-01,indusind bank apps,1.39,212.28,1.46,1.74,20
2024-12-01,hsbc bank apps,1.26,158.12,1.32,1.3,22
2024-12-01,esaf small finance bank apps,1.19,127.39,1.25,1.05,23
2024-12-01,digikhata,1.16,412.73,1.22,3.39,24
2024-12-01,aditya birla capital digital #,1.11,24.14,1.17,0.2,25
2024-12-01,kreditbee #,1.06,37.32,1.11,0.31,26
2024-12-01,fino payments bank apps,0.96,83.45,1.01,0.68,27
2024-12-01,union bank apps,0.88,250.09,0.92,2.05,28
2024-12-01,south indian bank apps,0.84,243.72,0.88,2,29
2024-12-01,au small finance bank apps,0.73,241.68,0.77,1.98,30
2024-12-01,one card #,0.63,793.04,0.66,6.51,31
2024-12-01,kredit pe #,0.6,53.81,0.63,0.44,32
2024-12-01,uco bank apps,0.58,154.26,0.61,1.27,33
2024-12-01,dbs digibank apps,0.58,203.03,0.61,1.67,33
2024-12-01,salary se #,0.48,23.87,0.5,0.2,35
2024-12-01,tata pay #,0.42,148.43,0.44,1.22,36
2024-12-01,central bank of india apps,0.42,126.34,0.44,1.04,36
2024-12-01,standard chartered bank apps,0.36,116.53,0.38,0.96,38
2024-12-01,bank of india apps,0.34,108.52,0.36,0.89,39
2024-12-01,jar #,0.33,8.42,0.35,0.07,40
2024-12-01,spice money,0.32,30.58,0.34,0.25,41
2024-12-01,rapipay,0.3,29.39,0.32,0.24,42
2024-12-01,karnataka bank apps,0.27,63.02,0.28,0.52,43
2024-12-01,dhani,0.21,9.42,0.22,0.08,44
2024-12-01,indian overseas bank apps,0.2,53.88,0.21,0.44,45
2024-12-01,true balance,0.18,6.09,0.19,0.05,46
2024-12-01,oxymoney,0.16,10.58,0.17,0.09,47
2024-12-01,idbi bank apps,0.16,71.99,0.17,0.59,47
2024-12-01,obopay,0.15,23.14,0.16,0.19,49
2024-12-01,karur vysya bank apps,0.12,43.7,0.13,0.36,50
2024-12-01,twidpay #,0.11,12.18,0.12,0.1,51
2024-12-01,tamilnad mercantile bank apps,0.1,34.64,0.11,0.28,52
2024-12-01,unity small finance bank apps,0.08,24.79,0.08,0.2,53
2024-12-01,payworld,0.08,7.81,0.08,0.06,53
2024-12-01,ultracash #,0.08,6.31,0.08,0.05,53
2024-12-01,city union bank apps,0.07,29.85,0.07,0.24,56
2024-12-01,bank of maharashtra apps,0.04,10.94,0.04,0.09,57
2024-12-01,curie money #,0.04,3.25,0.04,0.03,57
2024-12-01,punjab sind bank apps,0.03,11.81,0.03,0.1,59
2024-12-01,equitas small finance bank apps,0.03,10.2,0.03,0.08,59
2024-12-01,freo #,0.03,1.84,0.03,0.02,59
2024-12-01,cheq,0.02,2.44,0.02,0.02,62
2024-12-01,lxme #,0.02,1.65,0.02,0.01,62
2024-06-01,phonepe #,6716.09,1009064.99,49.28,50.65,1
2024-06-01,google pay #,5103.99,707241.27,37.45,35.5,2
2024-06-01,paytm,1104.89,120840.45,8.11,6.07,3
2024-06-01,cred #,138.42,45720.01,1.02,2.29,4
2024-06-01,axis bank apps,75.07,6614.04,0.55,0.33,5
2024-06-01,amazon pay #,67.07,7377.3,0.49,0.37,6
2024-06-01,icici bank apps,51.65,29996.18,0.38,1.51,7
2024-06-01,famapp by trio #,50.78,641.36,0.37,0.03,8
2024-06-01,kotak mahindra bank apps,42.65,6073.08,0.31,0.3,9
2024-06-01,whatsapp #,37.18,2923.79,0.27,0.15,10
2024-06-01,navi #,35.72,1769.66,0.26,0.09,11
2024-06-01,hdfc bank apps,34.6,8167.3,0.25,0.41,12
2024-06-01,bhim,22.72,7965.69,0.17,0.4,13
2024-06-01,yes bank apps,22.55,9317.05,0.17,0.47,14
2024-06-01,airtel payments bank apps,15.76,1192.07,0.12,0.06,15
2024-06-01,mobikwik #,11.59,2564.79,0.09,0.13,16
2024-06-01,groww #,11.26,9094.72,0.08,0.46,17
2024-06-01,bajaj finserv #,8.23,1852.43,0.06,0.09,18
2024-06-01,slice #,7.86,634.47,0.06,0.03,19
2024-06-01,idfc bank apps,7.33,1654.91,0.05,0.08,20
2024-06-01,state bank of india apps,7.22,2426.08,0.05,0.12,21
2024-06-01,samsung pay #,6.38,542.12,0.05,0.03,22
2024-06-01,india post payments bank apps,6.01,732.1,0.04,0.04,23
2024-06-01,flipkart upi #,5.97,337.24,0.04,0.02,24
2024-06-01,federal bank apps,5.67,790.57,0.04,0.04,25
2024-06-01,jupiter money #,5.63,750.68,0.04,0.04,26
2024-06-01,canara bank apps,2.88,793.85,0.02,0.04,27
2024-06-01,jio payments bank apps,2.33,186.62,0.02,0.01,28
2024-06-01,deutsche bank apps,2.25,334.12,0.02,0.02,29
2024-06-01,timepay #,1.82,20.2,0.01,0,30
2024-06-01,punjab national bank apps,1.8,472.48,0.01,0.02,31
2024-06-01,rbl bank apps,1.75,785.07,0.01,0.04,32
2024-06-01,indian bank apps,1.73,330.47,0.01,0.02,33
2024-06-01,other apps,1.54,184.11,0.01,0.01,34
2024-06-01,omnicard #,1.28,53.41,0.01,0,35
2024-06-01,union bank apps,1.06,461.02,0.01,0.02,36
2024-06-01,bank of baroda apps,1.03,450.62,0.01,0.02,37
2024-06-01,central bank of india apps,0.83,188.63,0.01,0.01,38
2024-06-01,au small finance bank apps,0.76,227.63,0.01,0.01,39
2024-06-01,jammu and kashmir bank apps,0.75,97.58,0.01,0,40
2024-06-01,dbs digibank apps,0.5,198.68,0,0.01,41
2024-06-01,south indian bank apps,0.49,144.78,0,0.01,42
2024-06-01,indusind bank apps,0.43,117.86,0,0.01,43
2024-06-01,fino payments bank apps,0.41,55.79,0,0,44
2024-06-01,hsbc bank apps,0.4,148.09,0,0.01,45
2024-06-01,shriram one #,0.28,37.04,0,0,46
2024-06-01,uco bank apps,0.22,67.4,0,0,47
2024-06-01,digikhata #,0.19,63.31,0,0,48
2024-06-01,karnataka bank apps,0.18,33.55,0,0,49
2024-06-01,standard chartered bank apps,0.17,117.35,0,0.01,50
2024-06-01,tataneu #,0.16,23.31,0,0,51
2024-06-01,kiwi #,0.15,31.43,0,0,52
2024-06-01,suryoday,0.14,0.02,0,0,53
2024-06-01,super.money #,0.13,5.04,0,0,54
2024-06-01,indian overseas bank apps,0.13,37.62,0,0,54
2024-06-01,dhani,0.11,13.84,0,0,56
2024-06-01,bank of india apps,0.1,38.05,0,0,57
2024-06-01,ultracash #,0.09,6.51,0,0,58
2024-06-01,tamilnad mercantile bank apps,0.08,26.21,0,0,59
2024-06-01,city union bank apps,0.08,28.66,0,0,59
2024-06-01,popclub #,0.07,4.87,0,0,61
2024-06-01,citi bank apps,0.07,70.51,0,0,61
2024-06-01,aditya birla capital digital #,0.07,3.45,0,0,61
2024-06-01,idbi bank apps,0.07,27.06,0,0,61
2024-06-01,nsdl payments bank apps,0.06,10.09,0,0,65
2024-06-01,bank of maharashtra apps,0.05,11.11,0,0,66
2024-06-01,karur vysya bank apps,0.05,18.73,0,0,66
2024-06-01,niyo global #,0.05,24.78,0,0,66
2024-06-01,equitas small finance bank apps,0.04,26.25,0,0,69
2024-06-01,punjab sind bank apps,0.03,12.38,0,0,70
2025-06-01,navi #,406.01,21814.51,23.3,10.53,1
2025-06-01,super.money #,218.96,7716.48,12.56,3.72,2
2025-06-01,cred #,138.32,51384.11,7.94,24.8,3
2025-06-01,axis bank apps,126.27,9388.51,7.24,4.53,4
2025-06-01,famapp by trio #,112.75,1439.64,6.47,0.69,5
2025-06-01,amazon pay #,93.25,9942.48,5.35,4.8,6
2025-06-01,bhim,73.07,11725.85,4.19,5.66,7
2025-06-01,whatsapp #,67.48,4989.34,3.87,2.41,8
2025-06-01,hdfc bank apps,67.46,14297.8,3.87,6.9,9
2025-06-01,icici bank apps,61.82,15983.92,3.55,7.71,10
2025-06-01,kotak mahindra bank apps,60.36,7735.27,3.46,3.73,11
2025-06-01,yes bank apps,52.55,8917.32,3.02,4.3,12
2025-06-01,mobikwik #,34.43,4600.71,1.98,2.22,13
2025-06-01,pop upi,32.33,834.39,1.85,0.4,14
2025-06-01,airtel payments bank apps,19.74,1368.2,1.13,0.66,15
2025-06-01,slice small finance bank apps,17.76,2317.46,1.02,1.12,16
2025-06-01,idfc bank apps,17.44,2481.31,1,1.2,17
2025-06-01,india post payments bank apps,16.65,1730.46,0.96,0.84,18
2025-06-01,state bank of india apps,13.35,3591.53,0.77,1.73,19
2025-06-01,groww #,12.46,8801.55,0.71,4.25,20
2025-06-01,bajaj finserv,11.4,2351.65,0.65,1.13,21
2025-06-01,rbl bank apps,10.7,1587.67,0.61,0.77,22
2025-06-01,samsung pay #,8.81,624.29,0.51,0.3,23
2025-06-01,jupiter money #,5.99,905.62,0.34,0.44,24
2025-06-01,federal bank apps,5.22,1006.22,0.3,0.49,25
2025-06-01,jio payments bank apps,4.26,308.69,0.24,0.15,26
2025-06-01,deutsche bank apps,4.02,723.95,0.23,0.35,27
2025-06-01,timepay #,3.96,50.49,0.23,0.02,28
2025-06-01,canara bank apps,3.49,911.93,0.2,0.44,29
2025-06-01,punjab national bank apps,3.46,917.08,0.2,0.44,30
2025-06-01,kiwi #,3.43,385.72,0.2,0.19,31
2025-06-01,fi money #,2.75,375.21,0.16,0.18,32
2025-06-01,flipkart upi #,2.52,144.64,0.14,0.07,33
2025-06-01,jammu and kashmir bank apps,2.41,316.86,0.14,0.15,34
2025-06-01,shri ram one #,2.16,144.64,0.12,0.07,35
2025-06-01,others,2.06,243.61,0.12,0.12,36
2025-06-01,bank of baroda apps,1.77,497.24,0.1,0.24,37
2025-06-01,standard chartered bank apps,1.74,165.08,0.1,0.08,38
2025-06-01,omni card,1.62,93.83,0.09,0.05,39
2025-06-01,ind money #,1.41,558.23,0.08,0.27,40
2025-06-01,indusind bank apps,1.31,173.24,0.08,0.08,41
2025-06-01,nsdl payments bank apps,1.19,48.41,0.07,0.02,42
2025-06-01,hsbc bank apps,1.02,122.16,0.06,0.06,43
2025-06-01,central bank of india apps,0.93,186.91,0.05,0.09,44
2025-06-01,suryoday bank apps,0.9,121.41,0.05,0.06,45
2025-06-01,digikhata,0.88,287.21,0.05,0.14,46
2025-06-01,indian bank apps,0.87,203.68,0.05,0.1,47
2025-06-01,dbs digibank apps,0.87,222.97,0.05,0.11,47
2025-06-01,union bank apps,0.74,236.2,0.04,0.11,49
2025-06-01,south indian bank apps,0.73,208.33,0.04,0.1,50
2025-06-01,one card #,0.73,834.56,0.04,0.4,50
2025-06-01,au small finance bank apps,0.62,184.72,0.04,0.09,52
2025-06-01,esaf small finance bank apps,0.57,58,0.03,0.03,53
2025-06-01,bharat pe #,0.54,46.14,0.03,0.02,54
2025-06-01,fino payments bank apps,0.54,53.51,0.03,0.03,54
2025-06-01,uco bank apps,0.51,125.51,0.03,0.06,56
2025-06-01,tata pay #,0.47,134.16,0.03,0.06,57
2025-06-01,salary se #,0.46,21.59,0.03,0.01,58
2025-06-01,kredit pe #,0.43,42,0.02,0.02,59
2025-06-01,aditya birla capital digital #,0.37,42.7,0.02,0.02,60
2025-06-01,money view #,0.34,38.22,0.02,0.02,61
2025-06-01,indian overseas bank apps,0.28,67.04,0.02,0.03,62
2025-06-01,bank of india apps,0.28,82.52,0.02,0.04,62
2025-06-01,karnataka bank apps,0.25,57.35,0.01,0.03,64
2025-06-01,spice money,0.2,14.16,0.01,0.01,65
2025-06-01,dhani,0.17,7.65,0.01,0,66
2025-06-01,rapipay,0.17,19.48,0.01,0.01,66
2025-06-01,idbi bank apps,0.14,49.11,0.01,0.02,68
2025-06-01,ultracash #,0.1,7.45,0.01,0,69
2025-06-01,karur vysya bank apps,0.1,35.57,0.01,0.02,69
2025-06-01,tamilnad mercantile bank apps,0.09,32.85,0.01,0.02,71
2025-06-01,obopay,0.08,11.38,0,0.01,72
2025-06-01,city union bank apps,0.08,29.99,0,0.01,72
2025-06-01,true balance,0.07,2.2,0,0,74
2025-06-01,unity small finance bank apps,0.07,16.01,0,0.01,74
2025-06-01,niyo global #,0.06,14.82,0,0.01,76
2025-06-01,freo #,0.03,2.23,0,0,77
2025-06-01,payworld,0.03,1.96,0,0,77
2025-06-01,bank of maharashtra apps,0.02,8.31,0,0,79
2025-07-01,navi #,444.06,23562.51,23.07,10.33,1
2025-07-01,super.money #,252.85,9018.71,13.13,3.95,2
2025-07-01,cred #,144.38,55259.9,7.5,24.23,3
2025-07-01,famapp by trio #,125,1563.58,6.49,0.69,4
2025-07-01,axis bank apps,123.44,9773.39,6.41,4.28,5
2025-07-01,amazon pay #,100.53,10813.98,5.22,4.74,6
2025-07-01,bhim,87.13,14522.39,4.53,6.37,7
2025-07-01,whatsapp #,74.6,5412.58,3.88,2.37,8
2025-07-01,icici bank apps,71.33,17102.36,3.71,7.5,9
2025-07-01,kotak mahindra bank apps,66.63,8497.73,3.46,3.73,10
2025-07-01,hdfc bank apps,64.97,15430.59,3.37,6.77,11
2025-07-01,pop upi,63.63,1539.48,3.31,0.67,12
2025-07-01,yes bank apps,55.6,9491.62,2.89,4.16,13
2025-07-01,mobikwik #,43.17,5578.43,2.24,2.45,14
2025-07-01,airtel payments bank apps,21.34,1509.17,1.11,0.66,15
2025-07-01,slice small finance bank apps,19.83,2586.22,1.03,1.13,16
2025-07-01,india post payments bank apps,18.16,1759.02,0.94,0.77,17
2025-07-01,idfc bank apps,18.08,2707.93,0.94,1.19,18
2025-07-01,groww #,14.06,11012.81,0.73,4.83,19
2025-07-01,state bank of india apps,12.26,3633.07,0.64,1.59,20
2025-07-01,bajaj finserv,10.87,2516.08,0.56,1.1,21
2025-07-01,samsung pay #,9.34,669.72,0.49,0.29,22
2025-07-01,rbl bank apps,8.54,1388.7,0.44,0.61,23
2025-07-01,jupiter money #,6.3,981.5,0.33,0.43,24
2025-07-01,federal bank apps,5.86,1163.18,0.3,0.51,25
2025-07-01,jio payments bank apps,4.47,306.58,0.23,0.13,26
2025-07-01,deutsche bank apps,4.43,770.63,0.23,0.34,27
2025-07-01,canara bank apps,4.05,1018.59,0.21,0.45,28
2025-07-01,punjab national bank apps,3.67,980.66,0.19,0.43,29
2025-07-01,timepay #,3.14,47.4,0.16,0.02,30
2025-07-01,kiwi #,2.85,323.87,0.15,0.14,31
2025-07-01,fi money #,2.84,400.92,0.15,0.18,32
2025-07-01,nsdl payments bank apps,2.78,110.25,0.14,0.05,33
2025-07-01,flipkart upi #,2.7,155.64,0.14,0.07,34
2025-07-01,jammu and kashmir bank apps,2.62,343.24,0.14,0.15,35
2025-07-01,shri ram one,2.38,155.72,0.12,0.07,36
2025-07-01,others,2.31,244.14,0.12,0.11,37
2025-07-01,bank of baroda apps,2.01,529.28,0.1,0.23,38
2025-07-01,ind money #,1.86,730.24,0.1,0.32,39
2025-07-01,omni card,1.73,98.15,0.09,0.04,40
2025-07-01,indusind bank apps,1.26,178.71,0.07,0.08,41
2025-07-01,indian bank apps,1.11,255.91,0.06,0.11,42
2025-07-01,hsbc bank apps,1.09,135.52,0.06,0.06,43
2025-07-01,suryoday bank apps,1.06,151.82,0.06,0.07,44
2025-07-01,digikhata,1.01,320.5,0.05,0.14,45
2025-07-01,standard chartered bank apps,0.99,150.81,0.05,0.07,46
2025-07-01,bharat pe #,0.92,62.45,0.05,0.03,47
2025-07-01,dbs digibank apps,0.88,222.49,0.05,0.1,48
2025-07-01,central bank of india apps,0.86,186.24,0.04,0.08,49
2025-07-01,south indian bank apps,0.83,240.25,0.04,0.11,50
2025-07-01,union bank apps,0.79,259.13,0.04,0.11,51
2025-07-01,one card #,0.78,918.16,0.04,0.4,52
2025-07-01,money view #,0.71,64.31,0.04,0.03,53
2025-07-01,au small finance bank apps,0.65,201.78,0.03,0.09,54
2025-07-01,kredit pe #,0.6,54.67,0.03,0.02,55
2025-07-01,esaf small finance bank apps,0.59,64.58,0.03,0.03,56
2025-07-01,uco bank apps,0.57,140.44,0.03,0.06,57
2025-07-01,fino payments bank apps,0.55,55.18,0.03,0.02,58
2025-07-01,salary se #,0.5,22.32,0.03,0.01,59
2025-07-01,tata pay #,0.49,144.2,0.03,0.06,60
2025-07-01,aditya birla capital digital,0.39,23.14,0.02,0.01,61
2025-07-01,bank of india apps,0.31,95.7,0.02,0.04,62
2025-07-01,indian overseas bank apps,0.29,69.35,0.02,0.03,63
2025-07-01,karnataka bank apps,0.26,61.44,0.01,0.03,64
2025-07-01,spice money,0.26,21.44,0.01,0.01,64
2025-07-01,rapipay,0.22,23.19,0.01,0.01,66
2025-07-01,dhani,0.2,8.73,0.01,0,67
2025-07-01,idbi bank apps,0.16,60.93,0.01,0.03,68
2025-07-01,true balance,0.13,4.22,0.01,0,69
2025-07-01,ultracash #,0.11,7.7,0.01,0,70
2025-07-01,karur vysya bank apps,0.11,38.44,0.01,0.02,70
2025-07-01,obopay,0.11,15.31,0.01,0.01,70
2025-07-01,tamilnad mercantile bank apps,0.1,33.72,0.01,0.01,73
2025-07-01,niyo global #,0.08,20.06,0,0.01,74
2025-07-01,city union bank apps,0.07,27.83,0,0.01,75
2025-07-01,unity small finance bank apps,0.07,16.97,0,0.01,75
2025-07-01,freo #,0.04,2.57,0,0,77
2025-07-01,payworld,0.04,3.27,0,0,77
2025-07-01,utkarsh small finance bank apps,0.02,3.19,0,0,79
2025-07-01,bank of maharashtra apps,0.02,8.09,0,0,79
2025-07-01,jar #,0.02,0.5,0,0,79
2025-07-01,punjab sind bank apps,0.02,7.28,0,0,79
2024-09-01,phonepe #,7221.22,1030871,48.62,50.25,1
2024-09-01,google pay #,5625.22,746690.05,37.87,36.4,2
2024-09-01,paytm (ocl) #,1064.62,113351.54,7.17,5.53,3
2024-09-01,cred #,140,47982.71,0.94,2.34,4
2024-09-01,navi #,120.41,6549.1,0.81,0.32,5
2024-09-01,axis bank apps,120.38,5986.48,0.81,0.29,6
2024-09-01,amazon pay #,70.98,7845.04,0.48,0.38,7
2024-09-01,fam app by trio #,61.05,714.29,0.41,0.03,8
2024-09-01,icici bank apps,53.59,21076.12,0.36,1.03,9
2024-09-01,whatsapp #,48.75,3586.71,0.33,0.17,10
2024-09-01,kotak mahindra bank apps,47.14,6413.16,0.32,0.31,11
2024-09-01,hdfc bank apps,36.14,8997.11,0.24,0.44,12
2024-09-01,yes bank apps,31.27,9777.48,0.21,0.48,13
2024-09-01,bhim,26.39,8466.3,0.18,0.41,14
2024-09-01,super.money #,25.75,1131.59,0.17,0.06,15
2024-09-01,airtel payments bank apps,17.41,1278.38,0.12,0.06,16
2024-09-01,mobikwik #,16.07,2964.08,0.11,0.14,17
2024-09-01,groww #,13.46,9526.49,0.09,0.46,18
2024-09-01,flipkart upi #,12.85,734.8,0.09,0.04,19
2024-09-01,bajaj finserv #,11.15,2711.55,0.08,0.13,20
2024-09-01,slice #,10.62,792.06,0.07,0.04,21
2024-09-01,state bank of india apps,9.8,2883.42,0.07,0.14,22
2024-09-01,idfc bank apps,8.33,1838.99,0.06,0.09,23
2024-09-01,samsung pay #,7.33,564.5,0.05,0.03,24
2024-09-01,india post payments bank apps,6.96,908.78,0.05,0.04,25
2024-09-01,federal bank apps,6.3,918.67,0.04,0.04,26
2024-09-01,jupiter money #,6.13,810.01,0.04,0.04,27
2024-09-01,deutsche bank apps,3.05,348.9,0.02,0.02,28
2024-09-01,canara bank apps,3.04,799.52,0.02,0.04,29
2024-09-01,jio payments bank apps,2.79,212.23,0.02,0.01,30
2024-09-01,punjab national bank apps,2.74,606.83,0.02,0.03,31
2024-09-01,indian bank apps,2.69,424.89,0.02,0.02,32
2024-09-01,others,1.86,208.36,0.01,0.01,33
2024-09-01,pop club #,1.81,131.2,0.01,0.01,34
2024-09-01,timepay #,1.74,15.26,0.01,0,35
2024-09-01,rbl bank apps,1.66,603.44,0.01,0.03,36
2024-09-01,omnicard,1.31,74.96,0.01,0,37
2024-09-01,bank of baroda apps,1.12,452.89,0.01,0.02,38
2024-09-01,central bank of india apps,0.97,189.93,0.01,0.01,39
2024-09-01,jammu and kashmir bank apps,0.77,118.94,0.01,0.01,40
2024-09-01,aditya birla capital digital,0.72,32.26,0,0,41
2024-09-01,union bank apps,0.62,212.37,0,0.01,42
2024-09-01,south indian bank apps,0.6,169.06,0,0.01,43
2024-09-01,dbs digibank apps,0.52,200.42,0,0.01,44
2024-09-01,hsbc bank apps,0.51,153.54,0,0.01,45
2024-09-01,fino payments bank apps,0.49,57.89,0,0,46
2024-09-01,au small finance bank apps,0.46,136.87,0,0.01,47
2024-09-01,digikhata,0.38,122.41,0,0.01,48
2024-09-01,indusind bank apps,0.36,90.58,0,0,49
2024-09-01,shri ram one #,0.35,42.33,0,0,50
2024-09-01,kiwi #,0.29,44.31,0,0,51
2024-09-01,suryoday bank apps,0.29,0.03,0,0,51
2024-09-01,uco bank apps,0.26,59.89,0,0,53
2024-09-01,tataneu #,0.21,40.5,0,0,54
2024-09-01,standard chartered bank apps,0.17,108.86,0,0.01,55
2024-09-01,indian overseas bank apps,0.17,48.02,0,0,55
2024-09-01,karnataka bank apps,0.15,31.93,0,0,57
2024-09-01,bank of india apps,0.15,35.33,0,0,57
2024-09-01,dhani,0.13,15.76,0,0,59
2024-09-01,ultracash #,0.12,8.71,0,0,60
2024-09-01,idbi bank apps,0.09,34.69,0,0,61
2024-09-01,niyo global #,0.09,49.74,0,0,61
2024-09-01,nsdl payments bank apps,0.08,10.6,0,0,63
2024-09-01,city union bank apps,0.07,27.34,0,0,64
2024-09-01,tamilnad mercantile bank apps,0.07,22.04,0,0,64
2024-09-01,rapi pay,0.06,9.55,0,0,66
2024-09-01,bharat pe,0.06,6.03,0,0,66
2024-09-01,true balance,0.05,6.37,0,0,68
2024-09-01,one card #,0.05,27.93,0,0,68
2024-09-01,karur vysya bank apps,0.05,16.83,0,0,68
2024-09-01,salary se #,0.04,1.78,0,0,71
2024-09-01,freo money #,0.04,1.91,0,0,71
2024-09-01,punjab sind bank apps,0.03,16.39,0,0,73
2024-09-01,equitas small finance bank apps,0.03,24.45,0,0,73
2024-09-01,citi bank apps,0.03,1.93,0,0,73
2024-09-01,allahabad bank apps,0.02,5.54,0,0,76
2025-10-01,samsung pay #,10.47,758.79,14.62,7.54,1
2025-10-01,jupiter money #,6.06,991.43,8.46,9.86,2
2025-10-01,jio payments bank apps,5.68,417.41,7.93,4.15,3
2025-10-01,nsdl payments bank apps,3.47,368.39,4.85,3.66,4
2025-10-01,flipkart upi #,3.31,208.86,4.62,2.08,5
2025-10-01,kiwi #,2.92,403.52,4.08,4.01,6
2025-10-01,bank of baroda apps,2.77,723.28,3.87,7.19,7
2025-10-01,fi money #,2.7,405.88,3.77,4.04,8
2025-10-01,jammu and kashmir bank apps,2.66,419.17,3.72,4.17,9
2025-10-01,others,2.44,234.4,3.41,2.33,10
2025-10-01,suryoday bank apps,2.3,14.34,3.21,0.14,11
2025-10-01,timepay #,1.94,38.42,2.71,0.38,12
2025-10-01,omni card,1.92,128.78,2.68,1.28,13
2025-10-01,bharat pe #,1.77,137.63,2.47,1.37,14
2025-10-01,indusind bank apps,1.58,224.25,2.21,2.23,15
2025-10-01,hsbc bank apps,1.5,170.25,2.09,1.69,16
2025-10-01,indian bank apps,1.49,448.46,2.08,4.46,17
2025-10-01,shri ram one #,1.43,121.39,2,1.21,18
2025-10-01,money view #,1.38,105.13,1.93,1.05,19
2025-10-01,digikhata,1.14,409.7,1.59,4.07,20
2025-10-01,esaf small finance bank apps,0.97,98.21,1.35,0.98,21
2025-10-01,fino payments bank apps,0.91,82.72,1.27,0.82,22
2025-10-01,south indian bank apps,0.87,259.65,1.22,2.58,23
2025-10-01,union bank apps,0.73,225.05,1.02,2.24,24
2025-10-01,one card #,0.73,904.13,1.02,8.99,24
2025-10-01,au small finance bank apps,0.71,246.67,0.99,2.45,26
2025-10-01,kredit pe #,0.63,56.41,0.88,0.56,27
2025-10-01,dbs digibank apps,0.61,217.83,0.85,2.17,28
2025-10-01,uco bank apps,0.59,161.03,0.82,1.6,29
2025-10-01,tata pay #,0.5,167.09,0.7,1.66,30
2025-10-01,kreditbee #,0.5,13.9,0.7,0.14,30
2025-10-01,salary se #,0.48,24.33,0.67,0.24,32
2025-10-01,jar #,0.46,10.67,0.64,0.11,33
2025-10-01,aditya birla capital digital #,0.42,21.45,0.59,0.21,34
2025-10-01,central bank of india apps,0.4,115.39,0.56,1.15,35
2025-10-01,bank of india apps,0.33,107.21,0.46,1.07,36
2025-10-01,spice money,0.33,31.47,0.46,0.31,36
2025-10-01,standard chartered bank apps,0.29,120.33,0.41,1.2,38
2025-10-01,rapipay,0.26,27.54,0.36,0.27,39
2025-10-01,karnataka bank apps,0.26,62.55,0.36,0.62,39
2025-10-01,dhani,0.24,10.84,0.34,0.11,41
2025-10-01,indian overseas bank apps,0.21,59.47,0.29,0.59,42
2025-10-01,idbi bank apps,0.17,75.41,0.24,0.75,43
2025-10-01,true balance,0.15,5.04,0.21,0.05,44
2025-10-01,obopay,0.14,21.43,0.2,0.21,45
2025-10-01,karur vysya bank apps,0.12,44.87,0.17,0.45,46
2025-10-01,twidpay #,0.1,10.9,0.14,0.11,47
2025-10-01,tamilnad mercantile bank apps,0.1,35.99,0.14,0.36,47
2025-10-01,ultracash #,0.09,6.99,0.13,0.07,49
2025-10-01,unity small finance bank apps,0.08,25.74,0.11,0.26,50
2025-10-01,city union bank apps,0.08,32.76,0.11,0.33,50
2025-10-01,payworld,0.07,5.97,0.1,0.06,52
2025-10-01,punjab sind bank apps,0.04,14.19,0.06,0.14,53
2025-10-01,freo #,0.03,2.1,0.04,0.02,54
2025-10-01,bank of maharashtra apps,0.03,9.46,0.04,0.09,54
2025-10-01,equitas small finance bank apps,0.02,7.76,0.03,0.08,56
2025-10-01,utkarsh small finance bank apps,0.02,5.64,0.03,0.06,56
2026-01-01,samsung pay #,11.21,752.03,11.92,6.16,1
2026-01-01,pop upi,8.5,686.09,9.04,5.62,2
2026-01-01,jio payments bank apps,6.57,456.14,6.99,3.74,3
2026-01-01,jupiter money #,5.93,982.03,6.31,8.05,4
2026-01-01,deutsche bank apps,5.29,853.4,5.63,6.99,5
2026-01-01,flipkart upi #,3.09,163.55,3.29,1.34,6
2026-01-01,kiwi #,3.04,474.14,3.23,3.88,7
2026-01-01,suryoday bank apps,3,6.05,3.19,0.05,8
2026-01-01,others,2.98,260.65,3.17,2.14,9
2026-01-01,nsdl payments bank apps,2.94,383.15,3.13,3.14,10
2026-01-01,money view #,2.61,143.19,2.78,1.17,11
2026-01-01,fi money #,2.5,373.44,2.66,3.06,12
2026-01-01,bharat pe #,2.48,218.56,2.64,1.79,13
2026-01-01,jammu and kashmir bank apps,2.46,371.79,2.62,3.05,14
2026-01-01,kreditbee #,2.21,120.02,2.35,0.98,15
2026-01-01,shri ram one #,1.98,148.12,2.11,1.21,16
2026-01-01,omni card,1.94,121.46,2.06,1,17
2026-01-01,punjab national bank apps,1.85,479.04,1.97,3.92,18
2026-01-01,aditya birla capital digital #,1.58,26.15,1.68,0.21,19
2026-01-01,bank of baroda apps,1.57,438.51,1.67,3.59,20
2026-01-01,timepay #,1.51,27.49,1.61,0.23,21
2026-01-01,indian bank apps,1.49,449.01,1.58,3.68,22
2026-01-01,indusind bank apps,1.37,233.81,1.46,1.92,23
2026-01-01,digikhata,1.35,465.91,1.44,3.82,24
2026-01-01,hsbc bank apps,1.26,154.21,1.34,1.26,25
2026-01-01,union bank apps,0.99,286.52,1.05,2.35,26
2026-01-01,south indian bank apps,0.92,289.61,0.98,2.37,27
2026-01-01,esaf small finance bank apps,0.9,102.33,0.96,0.84,28
2026-01-01,au small finance bank apps,0.86,282.32,0.91,2.31,29
2026-01-01,kredit pe #,0.66,60.31,0.7,0.49,30
2026-01-01,one card #,0.61,734.23,0.65,6.02,31
2026-01-01,uco bank apps,0.61,170.83,0.65,1.4,31
2026-01-01,dbs digibank apps,0.6,232.75,0.64,1.91,33
2026-01-01,jar #,0.53,15.68,0.56,0.13,34
2026-01-01,rapipay,0.5,40.91,0.53,0.34,35
2026-01-01,central bank of india apps,0.48,165.59,0.51,1.36,36
2026-01-01,salary se #,0.46,33.35,0.49,0.27,37
2026-01-01,fino payments bank apps,0.46,46.59,0.49,0.38,37
2026-01-01,standard chartered bank apps,0.46,124.07,0.49,1.02,37
2026-01-01,freo #,0.4,38.48,0.43,0.32,40
2026-01-01,spice money,0.39,35.36,0.41,0.29,41
2026-01-01,oxymoney,0.37,1.71,0.39,0.01,42
2026-01-01,tata pay #,0.35,127.17,0.37,1.04,43
2026-01-01,bank of india apps,0.34,110.33,0.36,0.9,44
2026-01-01,karnataka bank apps,0.29,69.24,0.31,0.57,45
2026-01-01,dhani,0.21,9.1,0.22,0.07,46
2026-01-01,true balance,0.21,7.27,0.22,0.06,46
2026-01-01,idbi bank apps,0.2,97.89,0.21,0.8,48
2026-01-01,indian overseas bank apps,0.18,51.36,0.19,0.42,49
2026-01-01,obopay,0.18,28.32,0.19,0.23,49
2026-01-01,saathi by paynearby #,0.17,19.74,0.18,0.16,51
2026-01-01,karur vysya bank apps,0.14,49.25,0.15,0.4,52
2026-01-01,payworld,0.11,10.57,0.12,0.09,53
2026-01-01,tamilnad mercantile bank apps,0.11,41.01,0.12,0.34,53
2026-01-01,twidpay #,0.1,12.15,0.11,0.1,55
2026-01-01,city union bank apps,0.07,28.62,0.07,0.23,56
2026-01-01,bank of maharashtra apps,0.07,25.7,0.07,0.21,56
2026-01-01,cheq,0.07,6.43,0.07,0.05,56
2026-01-01,equitas small finance bank apps,0.06,14.87,0.06,0.12,59
2026-01-01,curie money,0.05,3.14,0.05,0.03,60
2026-01-01,unity small finance bank apps,0.05,15.24,0.05,0.12,60
2026-01-01,ultracash #,0.05,3.61,0.05,0.03,60
2026-01-01,lxme #,0.04,3.33,0.04,0.03,63
2026-01-01,fave,0.04,7.47,0.04,0.06,63
2026-01-01,punjab sind bank apps,0.03,15.58,0.03,0.13,65
2024-05-01,phonepe,6831.92,1033588.8,49.21,50.78,1
2024-05-01,google pay,5219.56,723315.7,37.6,35.53,2
2024-05-01,paytm (ocl),1140.01,124704.8,8.21,6.13,3
2024-05-01,cred,140.08,47547.15,1.01,2.34,4
2024-05-01,amazon pay,68.34,7419.41,0.49,0.36,5
2024-05-01,axis bank apps,64.08,5910.2,0.46,0.29,6
2024-05-01,icici bank apps,52.1,28444.03,0.38,1.4,7
2024-05-01,famapp by trio,50.1,630.89,0.36,0.03,8
2024-05-01,kotak mahindra bank apps,43.41,6178.23,0.31,0.3,9
2024-05-01,whatsapp,36.45,2938.72,0.26,0.14,10
2024-05-01,hdfc bank apps,35.43,8104.44,0.26,0.4,11
2024-05-01,navi,29.72,958.09,0.21,0.05,12
2024-05-01,bhim,23.43,8095.99,0.17,0.4,13
2024-05-01,yes bank apps,22.75,10971.64,0.16,0.54,14
2024-05-01,airtel payments bank apps,17.29,1330.15,0.12,0.07,15
2024-05-01,mobikwik,11.12,2536.09,0.08,0.12,16
2024-05-01,groww,10.15,7086.12,0.07,0.35,17
2024-05-01,bajaj finserv,9.55,1685.51,0.07,0.08,18
2024-05-01,slice,9.05,646.12,0.07,0.03,19
2024-05-01,state bank of india apps,7.12,2494.2,0.05,0.12,20
2024-05-01,idfc bank apps,6.99,1690.27,0.05,0.08,21
2024-05-01,samsung pay,6.56,547.28,0.05,0.03,22
2024-05-01,jupiter,6.07,769.1,0.04,0.04,23
2024-05-01,federal bank apps,5.95,811.83,0.04,0.04,24
2024-05-01,india post payments bank apps,5.67,703.81,0.04,0.03,25
2024-05-01,flipkart,4.44,251.85,0.03,0.01,26
2024-05-01,canara bank apps,3.06,828.58,0.02,0.04,27
2024-05-01,deutsche bank apps,2.34,369.42,0.02,0.02,28
2024-05-01,rbl bank apps,2.24,931.34,0.02,0.05,29
2024-05-01,jio payments bank apps,2.02,170.98,0.01,0.01,30
2024-05-01,punjab national bank apps,1.74,444.5,0.01,0.02,31
2024-05-01,timepay,1.61,17.69,0.01,0,32
2024-05-01,indian bank apps,1.55,329.58,0.01,0.02,33
2024-05-01,other apps,1.29,148.93,0.01,0.01,34
2024-05-01,omnicard,1.24,45.65,0.01,0,35
2024-05-01,union bank apps,1.19,505.24,0.01,0.02,36
2024-05-01,bank of baroda apps,1.02,463.85,0.01,0.02,37
2024-05-01,central bank of india apps,0.95,213.29,0.01,0.01,38
2024-05-01,au small finance bank apps,0.82,249.6,0.01,0.01,39
2024-05-01,dbs digibank apps,0.48,193.09,0,0.01,40
2024-05-01,south indian bank apps,0.47,141.47,0,0.01,41
2024-05-01,jammu and kashmir bank apps,0.43,64.02,0,0,42
2024-05-01,fino payments bank apps,0.38,53.86,0,0,43
2024-05-01,hsbc bank apps,0.37,144.11,0,0.01,44
2024-05-01,indusind bank apps,0.36,74.41,0,0,45
2024-05-01,shriram one,0.29,36.28,0,0,46
2024-05-01,bank of india apps,0.21,81.09,0,0,47
2024-05-01,uco bank apps,0.2,65.61,0,0,48
2024-05-01,kiwi,0.18,36.03,0,0,49
2024-05-01,tataneu,0.18,25.1,0,0,49
2024-05-01,digikhata,0.16,52.29,0,0,51
2024-05-01,karnataka bank apps,0.16,30,0,0,51
2024-05-01,standard chartered bank apps,0.16,114.42,0,0.01,51
2024-05-01,indian overseas bank apps,0.12,34.43,0,0,54
2024-05-01,dhani,0.11,13.12,0,0,55
2024-05-01,ultracash,0.09,6.19,0,0,56
2024-05-01,tamilnad mercantile bank apps,0.08,25.66,0,0,57
2024-05-01,citi bank apps,0.08,66.74,0,0,57
2024-05-01,city union bank apps,0.08,28.77,0,0,57
2024-05-01,nsdl payments bank apps,0.07,12.71,0,0,60
2024-05-01,idbi bank apps,0.07,27.32,0,0,60
2024-05-01,aditya birla capital digital,0.05,1.84,0,0,62
2024-05-01,karur vysya bank apps,0.05,20.63,0,0,62
2024-05-01,bank of maharashtra apps,0.05,10.49,0,0,62
2024-05-01,niyo global,0.04,22.56,0,0,65
2024-05-01,makemytrip,0.04,18.12,0,0,65
2024-05-01,equitas small finance bank apps,0.04,25.35,0,0,65
2024-05-01,punjab sind bank apps,0.03,12.97,0,0,68
2025-01-01,phone pe #,8102.44,1191303.98,48.36,51.12,1
2025-01-01,google pay #,6183.91,826845.07,36.91,35.48,2
2025-01-01,paytm #,1152.34,126313.45,6.88,5.42,3
2025-01-01,navi #,242.83,13221.33,1.45,0.57,4
2025-01-01,cred #,137.44,49482.95,0.82,2.12,5
2025-01-01,axis bank apps,126.62,7769.17,0.76,0.33,6
2025-01-01,super.money #,124.83,4565.57,0.75,0.2,7
2025-01-01,amazon pay #,99.95,9843.47,0.6,0.42,8
2025-01-01,famapp by trio #,79.01,896.25,0.47,0.04,9
2025-01-01,whatsapp #,60.99,4550.41,0.36,0.2,10
2025-01-01,icici bank apps,58.23,18928.62,0.35,0.81,11
2025-01-01,kotak mahindra bank apps,53.71,7489.75,0.32,0.32,12
2025-01-01,hdfc bank apps,49.6,11086.42,0.3,0.48,13
2025-01-01,yes bank apps,41.57,8877.26,0.25,0.38,14
2025-01-01,bhim,33.88,9333.77,0.2,0.4,15
2025-01-01,mobikwik #,23.66,3811.43,0.14,0.16,16
2025-01-01,airtel payments bank apps,20.96,1498.83,0.13,0.06,17
2025-01-01,groww #,15.4,11200.31,0.09,0.48,18
2025-01-01,india post payments bank apps,12.57,1509.59,0.08,0.06,19
2025-01-01,state bank of india apps,12.49,3515.63,0.07,0.15,20
2025-01-01,idfc bank apps,11.77,2283.04,0.07,0.1,21
2025-01-01,others,8.66,1373.16,0.05,0.06,22
2025-01-01,rbl bank apps,8.62,1418.15,0.05,0.06,23
2025-01-01,samsung pay #,8.57,608.41,0.05,0.03,24
2025-01-01,bajaj finserv #,8.19,1649.36,0.05,0.07,25
2025-01-01,pop upi,8.1,431.96,0.05,0.02,26
2025-01-01,slice #,7.88,569.95,0.05,0.02,27
2025-01-01,flipkart upi #,7.58,393.64,0.05,0.02,28
2025-01-01,jupiter money #,6.31,913.95,0.04,0.04,29
2025-01-01,federal bank apps,4.3,744.89,0.03,0.03,30
2025-01-01,jio payments bank apps,3.66,293.42,0.02,0.01,31
2025-01-01,punjab national bank apps,3.45,864.8,0.02,0.04,32
2025-01-01,canara bank apps,3.36,884.57,0.02,0.04,33
2025-01-01,deutsche bank apps,3.32,322.75,0.02,0.01,34
2025-01-01,fi money #,3.25,401.64,0.02,0.02,35
2025-01-01,indian bank apps,2.07,437,0.01,0.02,36
2025-01-01,timepay #,1.8,22.39,0.01,0,37
2025-01-01,suryoday bank apps,1.74,323.72,0.01,0.01,38
2025-01-01,jammu and kashmir bank apps,1.62,212.89,0.01,0.01,39
2025-01-01,omni card,1.49,96,0.01,0,40
2025-01-01,central bank of india apps,1.34,237.42,0.01,0.01,41
2025-01-01,bank of baroda apps,1.23,442.03,0.01,0.02,42
2025-01-01,dbs digibank apps,1.13,225.49,0.01,0.01,43
2025-01-01,aditya birla capital digital #,0.93,39.03,0.01,0,44
2025-01-01,hsbc bank apps,0.82,201.79,0,0.01,45
2025-01-01,kiwi #,0.82,141.6,0,0.01,45
2025-01-01,union bank apps,0.75,257.23,0,0.01,47
2025-01-01,one card #,0.7,799.37,0,0.03,48
2025-01-01,south indian bank apps,0.65,192.73,0,0.01,49
2025-01-01,digikhata,0.64,194.07,0,0.01,50
2025-01-01,ind money #,0.63,293.14,0,0.01,51
2025-01-01,shri ram one #,0.6,63.97,0,0,52
2025-01-01,fino payments bank apps,0.59,78.97,0,0,53
2025-01-01,au small finance bank apps,0.5,154.35,0,0.01,54
2025-01-01,uco bank apps,0.34,85.35,0,0,55
2025-01-01,tata neu #,0.3,89.22,0,0,56
2025-01-01,indusind bank apps,0.26,58.26,0,0,57
2025-01-01,karnataka bank apps,0.25,52.98,0,0,58
2025-01-01,indian overseas bank apps,0.25,66.56,0,0,58
2025-01-01,esaf small finance bank apps,0.24,26.7,0,0,60
2025-01-01,bank of india apps,0.24,78.25,0,0,60
2025-01-01,true balance,0.23,9.01,0,0,62
2025-01-01,bharat pe #,0.21,19.64,0,0,63
2025-01-01,standard chartered bank apps,0.2,123.89,0,0.01,64
2025-01-01,salary se #,0.16,7.76,0,0,65
2025-01-01,dhani,0.15,7.72,0,0,66
2025-01-01,money view #,0.12,9.77,0,0,67
2025-01-01,rapipay,0.11,13.96,0,0,68
2025-01-01,idbi bank apps,0.11,41.84,0,0,68
2025-01-01,niyo global #,0.1,48.75,0,0,70
2025-01-01,ultracash #,0.09,6.74,0,0,71
2025-01-01,kredit.pe #,0.09,11.04,0,0,71
2025-01-01,city union bank apps,0.08,29.52,0,0,73
2025-01-01,karur vysya bank apps,0.08,29.32,0,0,73
2025-01-01,tamilnad mercantile bank apps,0.08,26.96,0,0,73
2025-01-01,spice money,0.08,7.67,0,0,73
2025-01-01,nsdl payments bank apps,0.07,8.35,0,0,77
2025-01-01,genwise #,0.05,29.81,0,0,78
2025-01-01,bank of maharashtra apps,0.04,15.22,0,0,79
2025-01-01,equitas small finance bank apps,0.04,28.47,0,0,79
2025-01-01,cheq,0.03,2.39,0,0,81
2025-01-01,punjab sind bank apps,0.03,11.6,0,0,81
2025-01-01,freo #,0.02,1.55,0,0,83
2024-10-01,phonepe #,7905.54,1169290.03,48.28,50.07,1
2024-10-01,google pay #,6201.81,849327.38,37.88,36.37,2
2024-10-01,paytm (ocl) #,1165.01,129584.98,7.12,5.55,3
2024-10-01,navi #,157.51,8841.9,0.96,0.38,4
2024-10-01,cred #,152.28,55202.12,0.93,2.36,5
2024-10-01,axis bank apps,139.68,6829.53,0.85,0.29,6
2024-10-01,amazon pay #,79.55,9205.72,0.49,0.39,7
2024-10-01,famapp by trio #,69.9,825.19,0.43,0.04,8
2024-10-01,icici bank apps,57.54,23686.95,0.35,1.01,9
2024-10-01,whatsapp #,55.07,4137.17,0.34,0.18,10
2024-10-01,kotak mahindra bank apps,51.92,7565.22,0.32,0.32,11
2024-10-01,super.money #,49.68,2167.86,0.3,0.09,12
2024-10-01,hdfc bank apps,39.41,10427.97,0.24,0.45,13
2024-10-01,yes bank apps,36.79,10245.47,0.22,0.44,14
2024-10-01,bhim,29.9,10170.6,0.18,0.44,15
2024-10-01,airtel payments bank apps,20.03,1504.36,0.12,0.06,16
2024-10-01,mobikwik #,17.2,2995.42,0.11,0.13,17
2024-10-01,groww #,15.35,11862.09,0.09,0.51,18
2024-10-01,flipkart upi #,14.62,825.95,0.09,0.04,19
2024-10-01,slice #,12.19,907.37,0.07,0.04,20
2024-10-01,state bank of india apps,11.73,3527.88,0.07,0.15,21
2024-10-01,bajaj finserv #,10.66,2330.26,0.07,0.1,22
2024-10-01,india post payments bank apps,10.11,1507.56,0.06,0.06,23
2024-10-01,idfc bank apps,9.33,2162.85,0.06,0.09,24
2024-10-01,samsung pay #,8.56,664.7,0.05,0.03,25
2024-10-01,jupiter money #,6.36,873.89,0.04,0.04,26
2024-10-01,fi money #,3.44,421.4,0.02,0.02,27
2024-10-01,punjab national bank apps,3.31,785.24,0.02,0.03,28
2024-10-01,canara bank apps,3.27,898.89,0.02,0.04,29
2024-10-01,jio payments bank apps,3.23,269.69,0.02,0.01,30
2024-10-01,indian bank apps,3.11,513.43,0.02,0.02,31
2024-10-01,federal bank apps,2.96,542.57,0.02,0.02,32
2024-10-01,pop upi,2.93,209.84,0.02,0.01,33
2024-10-01,rbl bank apps,2.88,723.15,0.02,0.03,34
2024-10-01,deutsche bank apps,2.58,395.32,0.02,0.02,35
2024-10-01,timepay #,2.15,18.6,0.01,0,36
2024-10-01,others,1.76,224.84,0.01,0.01,37
2024-10-01,omni card,1.49,96.52,0.01,0,38
2024-10-01,bank of baroda apps,1.16,499.63,0.01,0.02,39
2024-10-01,central bank of india apps,1.11,219.02,0.01,0.01,40
2024-10-01,aditya birla capital digital,0.97,37.97,0.01,0,41
2024-10-01,jammu and kashmir bank apps,0.83,144,0.01,0.01,42
2024-10-01,union bank apps,0.8,282.02,0,0.01,43
2024-10-01,hsbc bank apps,0.68,179.35,0,0.01,44
2024-10-01,dbs digibank apps,0.61,214.82,0,0.01,45
2024-10-01,south indian bank apps,0.61,179.8,0,0.01,45
2024-10-01,fino payments bank apps,0.58,70.11,0,0,47
2024-10-01,au small finance bank apps,0.49,146.98,0,0.01,48
2024-10-01,shri ram one #,0.47,47.25,0,0,49
2024-10-01,digikhata,0.46,166.18,0,0.01,50
2024-10-01,kiwi #,0.41,66.74,0,0,51
2024-10-01,indusind bank apps,0.36,93.29,0,0,52
2024-10-01,tata neu #,0.31,74.8,0,0,53
2024-10-01,uco bank apps,0.31,77.02,0,0,53
2024-10-01,one card #,0.29,261.08,0,0.01,55
2024-10-01,suryoday bank apps,0.26,0.05,0,0,56
2024-10-01,standard chartered bank apps,0.2,131.83,0,0.01,57
2024-10-01,bank of india apps,0.2,45.85,0,0,57
2024-10-01,indian overseas bank apps,0.2,56.07,0,0,57
2024-10-01,karnataka bank apps,0.16,34.88,0,0,60
2024-10-01,dhani,0.13,14.62,0,0,61
2024-10-01,true balance,0.13,16.51,0,0,61
2024-10-01,niyo global #,0.1,55.57,0,0,63
2024-10-01,nsdl payments bank apps,0.09,12.1,0,0,64
2024-10-01,ultracash #,0.09,5.94,0,0,64
2024-10-01,rapipay,0.08,11.38,0,0,66
2024-10-01,city union bank apps,0.08,29.97,0,0,66
2024-10-01,idbi bank apps,0.08,29.72,0,0,66
2024-10-01,tamilnad mercantile bank apps,0.07,24.55,0,0,69
2024-10-01,salary se #,0.07,3.95,0,0,69
2024-10-01,esaf small finance bank apps,0.06,8.57,0,0,71
2024-10-01,bharat pe #,0.05,7.27,0,0,72
2024-10-01,freo #,0.05,2.7,0,0,72
2024-10-01,karur vysya bank apps,0.05,18.4,0,0,72
2024-10-01,equitas small finance bank apps,0.04,29.7,0,0,75
2024-10-01,punjab sind bank apps,0.03,16.46,0,0,76
2024-10-01,cheq,0.02,1.62,0,0,77
